# indices,1k
1.000000000000000000e+00,1.996002000000001927e-03
2.000000000000000000e+00,3.990007998000050932e-03
3.000000000000000000e+00,5.982017994000035123e-03
4.000000000000000000e+00,7.972031987999957103e-03
5.000000000000000000e+00,9.960049980000034581e-03
6.000000000000000000e+00,1.194607197000004811e-02
7.000000000000000000e+00,1.393009795799999770e-02
8.000000000000000000e+00,1.591212794399999783e-02
9.000000000000000000e+00,1.789216192800003810e-02
1.000000000000000000e+01,1.987019991000002136e-02
1.100000000000000000e+01,2.184624189000004477e-02
1.200000000000000000e+01,2.382028786800000769e-02
1.300000000000000000e+01,2.579233784400001422e-02
1.400000000000000000e+01,2.776239181799996375e-02
1.500000000000000000e+01,2.973044978999995688e-02
1.600000000000000000e+01,3.169651175999999709e-02
1.700000000000000000e+01,3.366057772799996989e-02
1.800000000000000000e+01,3.562264769399998976e-02
1.900000000000000000e+01,3.758272165799995262e-02
2.000000000000000000e+01,3.954079961999995563e-02
2.100000000000000000e+01,4.149688157999999877e-02
2.200000000000000000e+01,4.345096753799999184e-02
2.300000000000000000e+01,4.540305749400002505e-02
2.400000000000000000e+01,4.735315144799999432e-02
2.500000000000000000e+01,4.930124940000001760e-02
2.600000000000000000e+01,5.124735134999996305e-02
2.700000000000000000e+01,5.319145729799996253e-02
2.800000000000000000e+01,5.513356724400001602e-02
2.900000000000000000e+01,5.707368118799999862e-02
3.000000000000000000e+01,5.901179913000002830e-02
3.100000000000000000e+01,6.094792106999998710e-02
3.200000000000000000e+01,6.288204700800001379e-02
3.300000000000000000e+01,6.481417694399994878e-02
3.400000000000000000e+01,6.674431087799993778e-02
3.500000000000000000e+01,6.867244880999998080e-02
3.600000000000000000e+01,7.059859073999996681e-02
3.700000000000000000e+01,7.252273666799999297e-02
3.800000000000000000e+01,7.444488659399994823e-02
3.900000000000000000e+01,7.636504051799995751e-02
4.000000000000000000e+01,7.828319844000002081e-02
4.100000000000000000e+01,8.019936036000001323e-02
4.200000000000000000e+01,8.211352627800003190e-02
4.300000000000000000e+01,8.402569619400000744e-02
4.400000000000000000e+01,8.593587010800002313e-02
4.500000000000000000e+01,8.784404801999998180e-02
4.600000000000000000e+01,8.975022992999999449e-02
4.700000000000000000e+01,9.165441583800004732e-02
4.800000000000000000e+01,9.355660574400002927e-02
4.900000000000000000e+01,9.545679964799995421e-02
5.000000000000000000e+01,9.735499755000003030e-02
5.100000000000000000e+01,9.925119945000004940e-02
5.200000000000000000e+01,1.011454053479999837e-01
5.300000000000000000e+01,1.030376152439999859e-01
5.400000000000000000e+01,1.049278291380000283e-01
5.500000000000000000e+01,1.068160470300000137e-01
5.600000000000000000e+01,1.087022689200000392e-01
5.700000000000000000e+01,1.105864948080000076e-01
5.800000000000000000e+01,1.124687246940000163e-01
5.900000000000000000e+01,1.143489585779999679e-01
6.000000000000000000e+01,1.162271964599999596e-01
6.100000000000000000e+01,1.181034383399999915e-01
6.200000000000000000e+01,1.199776842179999664e-01
6.300000000000000000e+01,1.218499340939999953e-01
6.400000000000000000e+01,1.237201879679999533e-01
6.500000000000000000e+01,1.255884458399999515e-01
6.600000000000000000e+01,1.274547077100000037e-01
6.700000000000000000e+01,1.293189735780000127e-01
6.800000000000000000e+01,1.311812434440000341e-01
6.900000000000000000e+01,1.330415173080000124e-01
7.000000000000000000e+01,1.348997951700000308e-01
7.100000000000000000e+01,1.367560770299999784e-01
7.200000000000000000e+01,1.386103628879999661e-01
7.300000000000000000e+01,1.404626527440000494e-01
7.400000000000000000e+01,1.423129465980000063e-01
7.500000000000000000e+01,1.441612444500000312e-01
7.600000000000000000e+01,1.460075463000000129e-01
7.700000000000000000e+01,1.478518521480000070e-01
7.800000000000000000e+01,1.496941619939999857e-01
7.900000000000000000e+01,1.515344758379999490e-01
8.000000000000000000e+01,1.533727936800000080e-01
8.100000000000000000e+01,1.552091155199999961e-01
8.200000000000000000e+01,1.570434413580000244e-01
8.300000000000000000e+01,1.588757711939999817e-01
8.400000000000000000e+01,1.607061050279999792e-01
8.500000000000000000e+01,1.625344428600000446e-01
8.600000000000000000e+01,1.643607846900000113e-01
8.700000000000000000e+01,1.661851305179999627e-01
8.800000000000000000e+01,1.680074803440000375e-01
8.900000000000000000e+01,1.698278341679999581e-01
9.000000000000000000e+01,1.716461919900000022e-01
9.100000000000000000e+01,1.734625538100000308e-01
9.200000000000000000e+01,1.752769196279999608e-01
9.300000000000000000e+01,1.770892894439999310e-01
9.400000000000000000e+01,1.788996632579999968e-01
9.500000000000000000e+01,1.807080410699999362e-01
9.600000000000000000e+01,1.825144228799999713e-01
9.700000000000000000e+01,1.843188086880000187e-01
9.800000000000000000e+01,1.861211984940000508e-01
9.900000000000000000e+01,1.879215922979999565e-01
1.000000000000000000e+02,1.897199900999999578e-01
1.010000000000000000e+02,1.915163918999999715e-01
1.020000000000000000e+02,1.933107976980000531e-01
1.030000000000000000e+02,1.951032074939999528e-01
1.040000000000000000e+02,1.968936212880000036e-01
1.050000000000000000e+02,1.986820390800000113e-01
1.060000000000000000e+02,2.004684608700000314e-01
1.070000000000000000e+02,2.022528866580000362e-01
1.080000000000000000e+02,2.040353164440000255e-01
1.090000000000000000e+02,2.058157502280000273e-01
1.100000000000000000e+02,2.075941880100000136e-01
1.110000000000000000e+02,2.093706297899999569e-01
1.120000000000000000e+02,2.111450755680000513e-01
1.130000000000000000e+02,2.129175253439999638e-01
1.140000000000000000e+02,2.146879791179999442e-01
1.150000000000000000e+02,2.164564368899999647e-01
1.160000000000000000e+02,2.182228986600000531e-01
1.170000000000000000e+02,2.199873644280000429e-01
1.180000000000000000e+02,2.217498341939999895e-01
1.190000000000000000e+02,2.235103079579999485e-01
1.200000000000000000e+02,2.252687857200000032e-01
1.210000000000000000e+02,2.270252674799999593e-01
1.220000000000000000e+02,2.287797532379999554e-01
1.230000000000000000e+02,2.305322429940000473e-01
1.240000000000000000e+02,2.322827367480000127e-01
1.250000000000000000e+02,2.340312344999999628e-01
1.260000000000000000e+02,2.357777362500000362e-01
1.270000000000000000e+02,2.375222419979999833e-01
1.280000000000000000e+02,2.392647517440000260e-01
1.290000000000000000e+02,2.410052654880000533e-01
1.300000000000000000e+02,2.427437832299999820e-01
1.310000000000000000e+02,2.444803049699999786e-01
1.320000000000000000e+02,2.462148307080000431e-01
1.330000000000000000e+02,2.479473604439999812e-01
1.340000000000000000e+02,2.496778941780000427e-01
1.350000000000000000e+02,2.514064319100000056e-01
1.360000000000000000e+02,2.531329736399999808e-01
1.370000000000000000e+02,2.548575193680000517e-01
1.380000000000000000e+02,2.565800690940000517e-01
1.390000000000000000e+02,2.583006228179999808e-01
1.400000000000000000e+02,2.600191805400000056e-01
1.410000000000000000e+02,2.617357422600000705e-01
1.420000000000000000e+02,2.634503079780000090e-01
1.430000000000000000e+02,2.651628776939999876e-01
1.440000000000000000e+02,2.668734514080000619e-01
1.450000000000000000e+02,2.685820291200000098e-01
1.460000000000000000e+02,2.702886108299999424e-01
1.470000000000000000e+02,2.719931965380000261e-01
1.480000000000000000e+02,2.736957862440000389e-01
1.490000000000000000e+02,2.753963799479999808e-01
1.500000000000000000e+02,2.770949776499999628e-01
1.510000000000000000e+02,2.787915793499999850e-01
1.520000000000000000e+02,2.804861850479999918e-01
1.530000000000000000e+02,2.821787947440000388e-01
1.540000000000000000e+02,2.838694084379999594e-01
1.550000000000000000e+02,2.855580261299999756e-01
1.560000000000000000e+02,2.872446478200000319e-01
1.570000000000000000e+02,2.889292735080000729e-01
1.580000000000000000e+02,2.906119031939999320e-01
1.590000000000000000e+02,2.922925368780000532e-01
1.600000000000000000e+02,2.939711745599999926e-01
1.610000000000000000e+02,2.956478162399999721e-01
1.620000000000000000e+02,2.973224619179999917e-01
1.630000000000000000e+02,2.989951115939999959e-01
1.640000000000000000e+02,3.006657652679999848e-01
1.650000000000000000e+02,3.023344229399999583e-01
1.660000000000000000e+02,3.040010846099999720e-01
1.670000000000000000e+02,3.056657502779999702e-01
1.680000000000000000e+02,3.073284199440000086e-01
1.690000000000000000e+02,3.089890936080000317e-01
1.700000000000000000e+02,3.106477712699999838e-01
1.710000000000000000e+02,3.123044529300000871e-01
1.720000000000000000e+02,3.139591385879999530e-01
1.730000000000000000e+02,3.156118282440000256e-01
1.740000000000000000e+02,3.172625218980000827e-01
1.750000000000000000e+02,3.189112195500000135e-01
1.760000000000000000e+02,3.205579211999999845e-01
1.770000000000000000e+02,3.222026268480000510e-01
1.780000000000000000e+02,3.238453364939999912e-01
1.790000000000000000e+02,3.254860501380000271e-01
1.800000000000000000e+02,3.271247677799999920e-01
1.810000000000000000e+02,3.287614894199999971e-01
1.820000000000000000e+02,3.303962150580000423e-01
1.830000000000000000e+02,3.320289446940000166e-01
1.840000000000000000e+02,3.336596783279999756e-01
1.850000000000000000e+02,3.352884159600000302e-01
1.860000000000000000e+02,3.369151575900000140e-01
1.870000000000000000e+02,3.385399032179999823e-01
1.880000000000000000e+02,3.401626528439999908e-01
1.890000000000000000e+02,3.417834064680000949e-01
1.900000000000000000e+02,3.434021640900000172e-01
1.910000000000000000e+02,3.450189257099999796e-01
1.920000000000000000e+02,3.466336913280000376e-01
1.930000000000000000e+02,3.482464609440000802e-01
1.940000000000000000e+02,3.498572345579999965e-01
1.950000000000000000e+02,3.514660121700000084e-01
1.960000000000000000e+02,3.530727937800000604e-01
1.970000000000000000e+02,3.546775793879999861e-01
1.980000000000000000e+02,3.562803689940000074e-01
1.990000000000000000e+02,3.578811625980000133e-01
2.000000000000000000e+02,3.594799602000000038e-01
2.010000000000000000e+02,3.610767617999999235e-01
2.020000000000000000e+02,3.626715673979999388e-01
2.030000000000000000e+02,3.642643769939999943e-01
2.040000000000000000e+02,3.658551905879999788e-01
2.050000000000000000e+02,3.674440081799999480e-01
2.060000000000000000e+02,3.690308297700000684e-01
2.070000000000000000e+02,3.706156553580000623e-01
2.080000000000000000e+02,3.721984849439999854e-01
2.090000000000000000e+02,3.737793185279999486e-01
2.100000000000000000e+02,3.753581561100000075e-01
2.110000000000000000e+02,3.769349976899999954e-01
2.120000000000000000e+02,3.785098432679999680e-01
2.130000000000000000e+02,3.800826928440000363e-01
2.140000000000000000e+02,3.816535464180000892e-01
2.150000000000000000e+02,3.832224039899999601e-01
2.160000000000000000e+02,3.847892655599999823e-01
2.170000000000000000e+02,3.863541311279999890e-01
2.180000000000000000e+02,3.879170006939999804e-01
2.190000000000000000e+02,3.894778742579999564e-01
2.200000000000000000e+02,3.910367518200000281e-01
2.210000000000000000e+02,3.925936333800000289e-01
2.220000000000000000e+02,3.941485189379999587e-01
2.230000000000000000e+02,3.957014084940000398e-01
2.240000000000000000e+02,3.972523020479999389e-01
2.250000000000000000e+02,3.988011996000000448e-01
2.260000000000000000e+02,4.003481011500000242e-01
2.270000000000000000e+02,4.018930066979999882e-01
2.280000000000000000e+02,4.034359162439999924e-01
2.290000000000000000e+02,4.049768297880000367e-01
2.300000000000000000e+02,4.065157473299999547e-01
2.310000000000000000e+02,4.080526688699999682e-01
2.320000000000000000e+02,4.095875944079999664e-01
2.330000000000000000e+02,4.111205239439999493e-01
2.340000000000000000e+02,4.126514574779999722e-01
2.350000000000000000e+02,4.141803950099999798e-01
2.360000000000000000e+02,4.157073365400000275e-01
2.370000000000000000e+02,4.172322820679999489e-01
2.380000000000000000e+02,4.187552315939999659e-01
2.390000000000000000e+02,4.202761851180000785e-01
2.400000000000000000e+02,4.217951426400000647e-01
2.410000000000000000e+02,4.233121041599999801e-01
2.420000000000000000e+02,4.248270696779999911e-01
2.430000000000000000e+02,4.263400391939999867e-01
2.440000000000000000e+02,4.278510127079999115e-01
2.450000000000000000e+02,4.293599902199999319e-01
2.460000000000000000e+02,4.308669717300000479e-01
2.470000000000000000e+02,4.323719572380000375e-01
2.480000000000000000e+02,4.338749467440000118e-01
2.490000000000000000e+02,4.353759402480000262e-01
2.500000000000000000e+02,4.368749377500000808e-01
2.510000000000000000e+02,4.383719392499999534e-01
2.520000000000000000e+02,4.398669447479999772e-01
2.530000000000000000e+02,4.413599542439999301e-01
2.540000000000000000e+02,4.428509677380000897e-01
2.550000000000000000e+02,4.443399852299999564e-01
2.560000000000000000e+02,4.458270067200000297e-01
2.570000000000000000e+02,4.473120322079999767e-01
2.580000000000000000e+02,4.487950616940000192e-01
2.590000000000000000e+02,4.502760951779999909e-01
2.600000000000000000e+02,4.517551326599999473e-01
2.610000000000000000e+02,4.532321741400000548e-01
2.620000000000000000e+02,4.547072196179999248e-01
2.630000000000000000e+02,4.561802690940000571e-01
2.640000000000000000e+02,4.576513225680000629e-01
2.650000000000000000e+02,4.591203800399999979e-01
2.660000000000000000e+02,4.605874415099999730e-01
2.670000000000000000e+02,4.620525069780000438e-01
2.680000000000000000e+02,4.635155764440000437e-01
2.690000000000000000e+02,4.649766499080000837e-01
2.700000000000000000e+02,4.664357273699999973e-01
2.710000000000000000e+02,4.678928088300000065e-01
2.720000000000000000e+02,4.693478942879999449e-01
2.730000000000000000e+02,4.708009837440000345e-01
2.740000000000000000e+02,4.722520771979999976e-01
2.750000000000000000e+02,4.737011746499999454e-01
2.760000000000000000e+02,4.751482760999999888e-01
2.770000000000000000e+02,4.765933815480000169e-01
2.780000000000000000e+02,4.780364909940000295e-01
2.790000000000000000e+02,4.794776044379999713e-01
2.800000000000000000e+02,4.809167218799999532e-01
2.810000000000000000e+02,4.823538433199999753e-01
2.820000000000000000e+02,4.837889687579999820e-01
2.830000000000000000e+02,4.852220981939999733e-01
2.840000000000000000e+02,4.866532316280000048e-01
2.850000000000000000e+02,4.880823690600000209e-01
2.860000000000000000e+02,4.895095104899999661e-01
2.870000000000000000e+02,4.909346559180000069e-01
2.880000000000000000e+02,4.923578053439999769e-01
2.890000000000000000e+02,4.937789587680000425e-01
2.900000000000000000e+02,4.951981161899999817e-01
2.910000000000000000e+02,4.966152776099999611e-01
2.920000000000000000e+02,4.980304430279999806e-01
2.930000000000000000e+02,4.994436124440000402e-01
2.940000000000000000e+02,5.008547858580000289e-01
2.950000000000000000e+02,5.022639632700000023e-01
2.960000000000000000e+02,5.036711446799999603e-01
2.970000000000000000e+02,5.050763300880000140e-01
2.980000000000000000e+02,5.064795194939999412e-01
2.990000000000000000e+02,5.078807128979999641e-01
3.000000000000000000e+02,5.092799102999999716e-01
3.010000000000000000e+02,5.106771116999999638e-01
3.020000000000000000e+02,5.120723170979999406e-01
3.030000000000000000e+02,5.134655264940000130e-01
3.040000000000000000e+02,5.148567398880000701e-01
3.050000000000000000e+02,5.162459572800000007e-01
3.060000000000000000e+02,5.176331786700001381e-01
3.070000000000000000e+02,5.190184040579999269e-01
3.080000000000000000e+02,5.204016334439999225e-01
3.090000000000000000e+02,5.217828668279999027e-01
3.100000000000000000e+02,5.231621042099999785e-01
3.110000000000000000e+02,5.245393455900000390e-01
3.120000000000000000e+02,5.259145909680000841e-01
3.130000000000000000e+02,5.272878403440001138e-01
3.140000000000000000e+02,5.286590937180001282e-01
3.150000000000000000e+02,5.300283510900000161e-01
3.160000000000000000e+02,5.313956124599999997e-01
3.170000000000000000e+02,5.327608778279999679e-01
3.180000000000000000e+02,5.341241471939999208e-01
3.190000000000000000e+02,5.354854205579999693e-01
3.200000000000000000e+02,5.368446979200001135e-01
3.210000000000000000e+02,5.382019792800000202e-01
3.220000000000000000e+02,5.395572646379999115e-01
3.230000000000000000e+02,5.409105539939998986e-01
3.240000000000000000e+02,5.422618473479999812e-01
3.250000000000000000e+02,5.436111446999999375e-01
3.260000000000000000e+02,5.449584460499999894e-01
3.270000000000000000e+02,5.463037513980000259e-01
3.280000000000000000e+02,5.476470607440000471e-01
3.290000000000000000e+02,5.489883740880000529e-01
3.300000000000000000e+02,5.503276914299999323e-01
3.310000000000000000e+02,5.516650127700000183e-01
3.320000000000000000e+02,5.530003381079999780e-01
3.330000000000000000e+02,5.543336674440000333e-01
3.340000000000000000e+02,5.556650007779999623e-01
3.350000000000000000e+02,5.569943381099999868e-01
3.360000000000000000e+02,5.583216794399999960e-01
3.370000000000000000e+02,5.596470247679999899e-01
3.380000000000000000e+02,5.609703740940000793e-01
3.390000000000000000e+02,5.622917274179999314e-01
3.400000000000000000e+02,5.636110847400001012e-01
3.410000000000000000e+02,5.649284460600000335e-01
3.420000000000000000e+02,5.662438113780000615e-01
3.430000000000000000e+02,5.675571806940000741e-01
3.440000000000000000e+02,5.688685540079999603e-01
3.450000000000000000e+02,5.701779313199999422e-01
3.460000000000000000e+02,5.714853126300000197e-01
3.470000000000000000e+02,5.727906979379999708e-01
3.480000000000000000e+02,5.740940872440000176e-01
3.490000000000000000e+02,5.753954805480001600e-01
3.500000000000000000e+02,5.766948778500000650e-01
3.510000000000000000e+02,5.779922791499999546e-01
3.520000000000000000e+02,5.792876844479999399e-01
3.530000000000000000e+02,5.805810937440000208e-01
3.540000000000000000e+02,5.818725070379999753e-01
3.550000000000000000e+02,5.831619243300000255e-01
3.560000000000000000e+02,5.844493456199999493e-01
3.570000000000000000e+02,5.857347709080000797e-01
3.580000000000000000e+02,5.870182001939999727e-01
3.590000000000000000e+02,5.882996334779999614e-01
3.600000000000000000e+02,5.895790707599999347e-01
3.610000000000000000e+02,5.908565120400000037e-01
3.620000000000000000e+02,5.921319573180000573e-01
3.630000000000000000e+02,5.934054065940000955e-01
3.640000000000000000e+02,5.946768598680001183e-01
3.650000000000000000e+02,5.959463171400000148e-01
3.660000000000000000e+02,5.972137784100000069e-01
3.670000000000000000e+02,5.984792436779999836e-01
3.680000000000000000e+02,5.997427129440000559e-01
3.690000000000000000e+02,6.010041862080000019e-01
3.700000000000000000e+02,6.022636634699999325e-01
3.710000000000000000e+02,6.035211447300000698e-01
3.720000000000000000e+02,6.047766299879999696e-01
3.730000000000000000e+02,6.060301192439999651e-01
3.740000000000000000e+02,6.072816124979999453e-01
3.750000000000000000e+02,6.085311097500000210e-01
3.760000000000000000e+02,6.097786109999999704e-01
3.770000000000000000e+02,6.110241162480001265e-01
3.780000000000000000e+02,6.122676254940000451e-01
3.790000000000000000e+02,6.135091387379999484e-01
3.800000000000000000e+02,6.147486559799999473e-01
3.810000000000000000e+02,6.159861772199999308e-01
3.820000000000000000e+02,6.172217024580000100e-01
3.830000000000000000e+02,6.184552316940000738e-01
3.840000000000000000e+02,6.196867649280000112e-01
3.850000000000000000e+02,6.209163021600000443e-01
3.860000000000000000e+02,6.221438433900000620e-01
3.870000000000000000e+02,6.233693886179999533e-01
3.880000000000000000e+02,6.245929378439999402e-01
3.890000000000000000e+02,6.258144910679999118e-01
3.900000000000000000e+02,6.270340482899999790e-01
3.910000000000000000e+02,6.282516095100000308e-01
3.920000000000000000e+02,6.294671747279999563e-01
3.930000000000000000e+02,6.306807439439999774e-01
3.940000000000000000e+02,6.318923171579998721e-01
3.950000000000000000e+02,6.331018943699999735e-01
3.960000000000000000e+02,6.343094755800000595e-01
3.970000000000000000e+02,6.355150607880000191e-01
3.980000000000000000e+02,6.367186499939999633e-01
3.990000000000000000e+02,6.379202431980000032e-01
4.000000000000000000e+02,6.391198404000001387e-01
4.010000000000000000e+02,6.403174415999999258e-01
4.020000000000000000e+02,6.415130467979999196e-01
4.030000000000000000e+02,6.427066559940000090e-01
4.040000000000000000e+02,6.438982691879999720e-01
4.050000000000000000e+02,6.450878863799999197e-01
4.060000000000000000e+02,6.462755075700000740e-01
4.070000000000000000e+02,6.474611327580001019e-01
4.080000000000000000e+02,6.486447619440001144e-01
4.090000000000000000e+02,6.498263951280000006e-01
4.100000000000000000e+02,6.510060323099999824e-01
4.110000000000000000e+02,6.521836734900000598e-01
4.120000000000000000e+02,6.533593186680000109e-01
4.130000000000000000e+02,6.545329678440000576e-01
4.140000000000000000e+02,6.557046210180000889e-01
4.150000000000000000e+02,6.568742781899999938e-01
4.160000000000000000e+02,6.580419393599998834e-01
4.170000000000000000e+02,6.592076045279999796e-01
4.180000000000000000e+02,6.603712736940000605e-01
4.190000000000000000e+02,6.615329468579999039e-01
4.200000000000000000e+02,6.626926240200000651e-01
4.210000000000000000e+02,6.638503051799999888e-01
4.220000000000000000e+02,6.650059903380000081e-01
4.230000000000000000e+02,6.661596794939999011e-01
4.240000000000000000e+02,6.673113726480000008e-01
4.250000000000000000e+02,6.684610697999999740e-01
4.260000000000000000e+02,6.696087709500000429e-01
4.270000000000000000e+02,6.707544760979999854e-01
4.280000000000000000e+02,6.718981852440000235e-01
4.290000000000000000e+02,6.730398983880000463e-01
4.300000000000000000e+02,6.741796155299999427e-01
4.310000000000000000e+02,6.753173366699999347e-01
4.320000000000000000e+02,6.764530618079999114e-01
4.330000000000000000e+02,6.775867909439999837e-01
4.340000000000000000e+02,6.787185240780000406e-01
4.350000000000000000e+02,6.798482612100000821e-01
4.360000000000000000e+02,6.809760023399999973e-01
4.370000000000000000e+02,6.821017474679998971e-01
4.380000000000000000e+02,6.832254965940000035e-01
4.390000000000000000e+02,6.843472497179999836e-01
4.400000000000000000e+02,6.854670068399999483e-01
4.410000000000000000e+02,6.865847679600000086e-01
4.420000000000000000e+02,6.877005330780000536e-01
4.430000000000000000e+02,6.888143021940000832e-01
4.440000000000000000e+02,6.899260753080000974e-01
4.450000000000000000e+02,6.910358524199999852e-01
4.460000000000000000e+02,6.921436335300000797e-01
4.470000000000000000e+02,6.932494186380000478e-01
4.480000000000000000e+02,6.943532077440000005e-01
4.490000000000000000e+02,6.954550008480000489e-01
4.500000000000000000e+02,6.965547979499999709e-01
4.510000000000000000e+02,6.976525990499999885e-01
4.520000000000000000e+02,6.987484041479998798e-01
4.530000000000000000e+02,6.998422132439999777e-01
4.540000000000000000e+02,7.009340263379999492e-01
4.550000000000000000e+02,7.020238434299999053e-01
4.560000000000000000e+02,7.031116645199999571e-01
4.570000000000000000e+02,7.041974896080001045e-01
4.580000000000000000e+02,7.052813186940000145e-01
4.590000000000000000e+02,7.063631517779999092e-01
4.600000000000000000e+02,7.074429888599998995e-01
4.610000000000000000e+02,7.085208299399999854e-01
4.620000000000000000e+02,7.095966750179999449e-01
4.630000000000000000e+02,7.106705240940000001e-01
4.640000000000000000e+02,7.117423771680001510e-01
4.650000000000000000e+02,7.128122342400000644e-01
4.660000000000000000e+02,7.138800953099999624e-01
4.670000000000000000e+02,7.149459603779999561e-01
4.680000000000000000e+02,7.160098294440000455e-01
4.690000000000000000e+02,7.170717025080000084e-01
4.700000000000000000e+02,7.181315795700000670e-01
4.710000000000000000e+02,7.191894606299999992e-01
4.720000000000000000e+02,7.202453456880001381e-01
4.730000000000000000e+02,7.212992347440000396e-01
4.740000000000000000e+02,7.223511277979999257e-01
4.750000000000000000e+02,7.234010248500000184e-01
4.760000000000000000e+02,7.244489259000000958e-01
4.770000000000000000e+02,7.254948309479999358e-01
4.780000000000000000e+02,7.265387399940000934e-01
4.790000000000000000e+02,7.275806530380000137e-01
4.800000000000000000e+02,7.286205700800000296e-01
4.810000000000000000e+02,7.296584911200000301e-01
4.820000000000000000e+02,7.306944161579999042e-01
4.830000000000000000e+02,7.317283451939999850e-01
4.840000000000000000e+02,7.327602782280000504e-01
4.850000000000000000e+02,7.337902152599999894e-01
4.860000000000000000e+02,7.348181562900001351e-01
4.870000000000000000e+02,7.358441013180000434e-01
4.880000000000000000e+02,7.368680503439999363e-01
4.890000000000000000e+02,7.378900033679999249e-01
4.900000000000000000e+02,7.389099603900000091e-01
4.910000000000000000e+02,7.399279214100000779e-01
4.920000000000000000e+02,7.409438864280001313e-01
4.930000000000000000e+02,7.419578554440000584e-01
4.940000000000000000e+02,7.429698284579999701e-01
4.950000000000000000e+02,7.439798054699998664e-01
4.960000000000000000e+02,7.449877864800000804e-01
4.970000000000000000e+02,7.459937714879999460e-01
4.980000000000000000e+02,7.469977604940000182e-01
4.990000000000000000e+02,7.479997534980000751e-01
5.000000000000000000e+02,7.489997505000000055e-01
5.010000000000000000e+02,7.499977515000001427e-01
5.020000000000000000e+02,7.509937564979999314e-01
5.030000000000000000e+02,7.519877654939999267e-01
5.040000000000000000e+02,7.529797784880000178e-01
5.050000000000000000e+02,7.539697954799999824e-01
5.060000000000000000e+02,7.549578164700000427e-01
5.070000000000000000e+02,7.559438414580000876e-01
5.080000000000000000e+02,7.569278704440000061e-01
5.090000000000000000e+02,7.579099034280000202e-01
5.100000000000000000e+02,7.588899404100000190e-01
5.110000000000000000e+02,7.598679813900000024e-01
5.120000000000000000e+02,7.608440263679999704e-01
5.130000000000000000e+02,7.618180753440000341e-01
5.140000000000000000e+02,7.627901283179999714e-01
5.150000000000000000e+02,7.637601852900000043e-01
5.160000000000000000e+02,7.647282462600000219e-01
5.170000000000000000e+02,7.656943112280000241e-01
5.180000000000000000e+02,7.666583801939998999e-01
5.190000000000000000e+02,7.676204531580000934e-01
5.200000000000000000e+02,7.685805301199999384e-01
5.210000000000000000e+02,7.695386110799999901e-01
5.220000000000000000e+02,7.704946960380000265e-01
5.230000000000000000e+02,7.714487849940000475e-01
5.240000000000000000e+02,7.724008779479999420e-01
5.250000000000000000e+02,7.733509749000000433e-01
5.260000000000000000e+02,7.742990758500000181e-01
5.270000000000000000e+02,7.752451807980000886e-01
5.280000000000000000e+02,7.761892897440000327e-01
5.290000000000000000e+02,7.771314026880000725e-01
5.300000000000000000e+02,7.780715196299999858e-01
5.310000000000000000e+02,7.790096405699998838e-01
5.320000000000000000e+02,7.799457655079999885e-01
5.330000000000000000e+02,7.808798944440000778e-01
5.340000000000000000e+02,7.818120273779999296e-01
5.350000000000000000e+02,7.827421643099999882e-01
5.360000000000000000e+02,7.836703052400000313e-01
5.370000000000000000e+02,7.845964501679999481e-01
5.380000000000000000e+02,7.855205990940000715e-01
5.390000000000000000e+02,7.864427520179999576e-01
5.400000000000000000e+02,7.873629089399999392e-01
5.410000000000000000e+02,7.882810698599999055e-01
5.420000000000000000e+02,7.891972347779999675e-01
5.430000000000000000e+02,7.901114036940000140e-01
5.440000000000000000e+02,7.910235766080000452e-01
5.450000000000000000e+02,7.919337535200000611e-01
5.460000000000000000e+02,7.928419344300000615e-01
5.470000000000000000e+02,7.937481193379999356e-01
5.480000000000000000e+02,7.946523082440000163e-01
5.490000000000000000e+02,7.955545011479999706e-01
5.500000000000000000e+02,7.964546980500000206e-01
5.510000000000000000e+02,7.973528989500000552e-01
5.520000000000000000e+02,7.982491038479999634e-01
5.530000000000000000e+02,7.991433127439999673e-01
5.540000000000000000e+02,8.000355256379999558e-01
5.550000000000000000e+02,8.009257425299999289e-01
5.560000000000000000e+02,8.018139634199999977e-01
5.570000000000000000e+02,8.027001883080000511e-01
5.580000000000000000e+02,8.035844171940000891e-01
5.590000000000000000e+02,8.044666500780000007e-01
5.600000000000000000e+02,8.053468869599998969e-01
5.610000000000000000e+02,8.062251278399999999e-01
5.620000000000000000e+02,8.071013727179999764e-01
5.630000000000000000e+02,8.079756215939999375e-01
5.640000000000000000e+02,8.088478744679999943e-01
5.650000000000000000e+02,8.097181313400000358e-01
5.660000000000000000e+02,8.105863922100000618e-01
5.670000000000000000e+02,8.114526570779999615e-01
5.680000000000000000e+02,8.123169259439999568e-01
5.690000000000000000e+02,8.131791988080000477e-01
5.700000000000000000e+02,8.140394756699999013e-01
5.710000000000000000e+02,8.148977565299999615e-01
5.720000000000000000e+02,8.157540413880000063e-01
5.730000000000000000e+02,8.166083302440000358e-01
5.740000000000000000e+02,8.174606230980000499e-01
5.750000000000000000e+02,8.183109199499999376e-01
5.760000000000000000e+02,8.191592207999999209e-01
5.770000000000000000e+02,8.200055256479999999e-01
5.780000000000000000e+02,8.208498344939999525e-01
5.790000000000000000e+02,8.216921473380000007e-01
5.800000000000000000e+02,8.225324641800000336e-01
5.810000000000000000e+02,8.233707850200001621e-01
5.820000000000000000e+02,8.242071098579999422e-01
5.830000000000000000e+02,8.250414386939999289e-01
5.840000000000000000e+02,8.258737715280000113e-01
5.850000000000000000e+02,8.267041083599999673e-01
5.860000000000000000e+02,8.275324491900000190e-01
5.870000000000000000e+02,8.283587940179999443e-01
5.880000000000000000e+02,8.291831428439999652e-01
5.890000000000000000e+02,8.300054956679999707e-01
5.900000000000000000e+02,8.308258524899999609e-01
5.910000000000000000e+02,8.316442133099999356e-01
5.920000000000000000e+02,8.324605781279998951e-01
5.930000000000000000e+02,8.332749469439999501e-01
5.940000000000000000e+02,8.340873197579999898e-01
5.950000000000000000e+02,8.348976965700000141e-01
5.960000000000000000e+02,8.357060773800000231e-01
5.970000000000000000e+02,8.365124621880000166e-01
5.980000000000000000e+02,8.373168509939999948e-01
5.990000000000000000e+02,8.381192437979999577e-01
6.000000000000000000e+02,8.389196406000000161e-01
6.010000000000000000e+02,8.397180413999999482e-01
6.020000000000000000e+02,8.405144461980000870e-01
6.030000000000000000e+02,8.413088549939999883e-01
6.040000000000000000e+02,8.421012677879999853e-01
6.050000000000000000e+02,8.428916845799999669e-01
6.060000000000000000e+02,8.436801053700000441e-01
6.070000000000000000e+02,8.444665301579999950e-01
6.080000000000000000e+02,8.452509589439999305e-01
6.090000000000000000e+02,8.460333917280000726e-01
6.100000000000000000e+02,8.468138285099999774e-01
6.110000000000000000e+02,8.475922692899999777e-01
6.120000000000000000e+02,8.483687140679999628e-01
6.130000000000000000e+02,8.491431628439999324e-01
6.140000000000000000e+02,8.499156156179999977e-01
6.150000000000000000e+02,8.506860723900000476e-01
6.160000000000000000e+02,8.514545331600000821e-01
6.170000000000000000e+02,8.522209979280001013e-01
6.180000000000000000e+02,8.529854666939999941e-01
6.190000000000000000e+02,8.537479394579999825e-01
6.200000000000000000e+02,8.545084162199999556e-01
6.210000000000000000e+02,8.552668969799999132e-01
6.220000000000000000e+02,8.560233817379999666e-01
6.230000000000000000e+02,8.567778704940001155e-01
6.240000000000000000e+02,8.575303632480000271e-01
6.250000000000000000e+02,8.582808599999999233e-01
6.260000000000000000e+02,8.590293607500000261e-01
6.270000000000000000e+02,8.597758654980000026e-01
6.280000000000000000e+02,8.605203742440000747e-01
6.290000000000000000e+02,8.612628869880000204e-01
6.300000000000000000e+02,8.620034037299999508e-01
6.310000000000000000e+02,8.627419244699999767e-01
6.320000000000000000e+02,8.634784492079999874e-01
6.330000000000000000e+02,8.642129779439999826e-01
6.340000000000000000e+02,8.649455106779999625e-01
6.350000000000000000e+02,8.656760474100000380e-01
6.360000000000000000e+02,8.664045881399999871e-01
6.370000000000000000e+02,8.671311328680000319e-01
6.380000000000000000e+02,8.678556815940000613e-01
6.390000000000000000e+02,8.685782343180000753e-01
6.400000000000000000e+02,8.692987910399999629e-01
6.410000000000000000e+02,8.700173517600000572e-01
6.420000000000000000e+02,8.707339164780000251e-01
6.430000000000000000e+02,8.714484851939999777e-01
6.440000000000000000e+02,8.721610579080000258e-01
6.450000000000000000e+02,8.728716346200000586e-01
6.460000000000000000e+02,8.735802153300000761e-01
6.470000000000000000e+02,8.742868000379999671e-01
6.480000000000000000e+02,8.749913887439999538e-01
6.490000000000000000e+02,8.756939814480000361e-01
6.500000000000000000e+02,8.763945781500001031e-01
6.510000000000000000e+02,8.770931788500000437e-01
6.520000000000000000e+02,8.777897835480000799e-01
6.530000000000000000e+02,8.784843922439999897e-01
6.540000000000000000e+02,8.791770049379999952e-01
6.550000000000000000e+02,8.798676216299998742e-01
6.560000000000000000e+02,8.805562423199999600e-01
6.570000000000000000e+02,8.812428670080000304e-01
6.580000000000000000e+02,8.819274956939999743e-01
6.590000000000000000e+02,8.826101283780000140e-01
6.600000000000000000e+02,8.832907650600000382e-01
6.610000000000000000e+02,8.839694057399999361e-01
6.620000000000000000e+02,8.846460504180000406e-01
6.630000000000000000e+02,8.853206990940000187e-01
6.640000000000000000e+02,8.859933517679999815e-01
6.650000000000000000e+02,8.866640084399999289e-01
6.660000000000000000e+02,8.873326691100000829e-01
6.670000000000000000e+02,8.879993337779999996e-01
6.680000000000000000e+02,8.886640024440000118e-01
6.690000000000000000e+02,8.893266751079998977e-01
6.700000000000000000e+02,8.899873517699999903e-01
6.710000000000000000e+02,8.906460324300000675e-01
6.720000000000000000e+02,8.913027170880000183e-01
6.730000000000000000e+02,8.919574057439999537e-01
6.740000000000000000e+02,8.926100983979999848e-01
6.750000000000000000e+02,8.932607950500000005e-01
6.760000000000000000e+02,8.939094956999998898e-01
6.770000000000000000e+02,8.945562003479999857e-01
6.780000000000000000e+02,8.952009089940000663e-01
6.790000000000000000e+02,8.958436216380000205e-01
6.800000000000000000e+02,8.964843382799999594e-01
6.810000000000000000e+02,8.971230589199999939e-01
6.820000000000000000e+02,8.977597835580001240e-01
6.830000000000000000e+02,8.983945121939999057e-01
6.840000000000000000e+02,8.990272448280000051e-01
6.850000000000000000e+02,8.996579814599999780e-01
6.860000000000000000e+02,9.002867220899999356e-01
6.870000000000000000e+02,9.009134667179999889e-01
6.880000000000000000e+02,9.015382153440000268e-01
6.890000000000000000e+02,9.021609679680000493e-01
6.900000000000000000e+02,9.027817245899999454e-01
6.910000000000000000e+02,9.034004852099999372e-01
6.920000000000000000e+02,9.040172498280000246e-01
6.930000000000000000e+02,9.046320184439999856e-01
6.940000000000000000e+02,9.052447910579999313e-01
6.950000000000000000e+02,9.058555676699999726e-01
6.960000000000000000e+02,9.064643482800001095e-01
6.970000000000000000e+02,9.070711328880000091e-01
6.980000000000000000e+02,9.076759214939998932e-01
6.990000000000000000e+02,9.082787140979999840e-01
7.000000000000000000e+02,9.088795106999999485e-01
7.010000000000000000e+02,9.094783113000000085e-01
7.020000000000000000e+02,9.100751158979999422e-01
7.030000000000000000e+02,9.106699244940000826e-01
7.040000000000000000e+02,9.112627370880000965e-01
7.050000000000000000e+02,9.118535536799998731e-01
7.060000000000000000e+02,9.124423742699999673e-01
7.070000000000000000e+02,9.130291988579999352e-01
7.080000000000000000e+02,9.136140274439999986e-01
7.090000000000000000e+02,9.141968600279999357e-01
7.100000000000000000e+02,9.147776966100000795e-01
7.110000000000000000e+02,9.153565371899999858e-01
7.120000000000000000e+02,9.159333817679999878e-01
7.130000000000000000e+02,9.165082303439999745e-01
7.140000000000000000e+02,9.170810829180000567e-01
7.150000000000000000e+02,9.176519394900000126e-01
7.160000000000000000e+02,9.182208000599999531e-01
7.170000000000000000e+02,9.187876646280001003e-01
7.180000000000000000e+02,9.193525331940001211e-01
7.190000000000000000e+02,9.199154057579999044e-01
7.200000000000000000e+02,9.204762823200000055e-01
7.210000000000000000e+02,9.210351628799999801e-01
7.220000000000000000e+02,9.215920474379999394e-01
7.230000000000000000e+02,9.221469359939999944e-01
7.240000000000000000e+02,9.226998285480000339e-01
7.250000000000000000e+02,9.232507251000000581e-01
7.260000000000000000e+02,9.237996256499999559e-01
7.270000000000000000e+02,9.243465301979999493e-01
7.280000000000000000e+02,9.248914387440000384e-01
7.290000000000000000e+02,9.254343512880000011e-01
7.300000000000000000e+02,9.259752678299999484e-01
7.310000000000000000e+02,9.265141883699999914e-01
7.320000000000000000e+02,9.270511129080000190e-01
7.330000000000000000e+02,9.275860414440000312e-01
7.340000000000000000e+02,9.281189739779999170e-01
7.350000000000000000e+02,9.286499105099998985e-01
7.360000000000000000e+02,9.291788510399999756e-01
7.370000000000000000e+02,9.297057955680000374e-01
7.380000000000000000e+02,9.302307440940000838e-01
7.390000000000000000e+02,9.307536966180001148e-01
7.400000000000000000e+02,9.312746531400001304e-01
7.410000000000000000e+02,9.317936136599999086e-01
7.420000000000000000e+02,9.323105781780000045e-01
7.430000000000000000e+02,9.328255466939999740e-01
7.440000000000000000e+02,9.333385192080000392e-01
7.450000000000000000e+02,9.338494957199999780e-01
7.460000000000000000e+02,9.343584762300001234e-01
7.470000000000000000e+02,9.348654607380000314e-01
7.480000000000000000e+02,9.353704492439999241e-01
7.490000000000000000e+02,9.358734417480000234e-01
7.500000000000000000e+02,9.363744382499999963e-01
7.510000000000000000e+02,9.368734387500000649e-01
7.520000000000000000e+02,9.373704432480001181e-01
7.530000000000000000e+02,9.378654517440000449e-01
7.540000000000000000e+02,9.383584642380000673e-01
7.550000000000000000e+02,9.388494807299999634e-01
7.560000000000000000e+02,9.393385012199999551e-01
7.570000000000000000e+02,9.398255257079999314e-01
7.580000000000000000e+02,9.403105541940000034e-01
7.590000000000000000e+02,9.407935866780000600e-01
7.600000000000000000e+02,9.412746231599999902e-01
7.610000000000000000e+02,9.417536636400000161e-01
7.620000000000000000e+02,9.422307081179999155e-01
7.630000000000000000e+02,9.427057565939999106e-01
7.640000000000000000e+02,9.431788090680000014e-01
7.650000000000000000e+02,9.436498655399999658e-01
7.660000000000000000e+02,9.441189260100000258e-01
7.670000000000000000e+02,9.445859904779999594e-01
7.680000000000000000e+02,9.450510589439999887e-01
7.690000000000000000e+02,9.455141314080001136e-01
7.700000000000000000e+02,9.459752078700000011e-01
7.710000000000000000e+02,9.464342883299999842e-01
7.720000000000000000e+02,9.468913727879999520e-01
7.730000000000000000e+02,9.473464612440000154e-01
7.740000000000000000e+02,9.477995536979999525e-01
7.750000000000000000e+02,9.482506501499999851e-01
7.760000000000000000e+02,9.486997506000000024e-01
7.770000000000000000e+02,9.491468550479998934e-01
7.780000000000000000e+02,9.495919634939999909e-01
7.790000000000000000e+02,9.500350759379999621e-01
7.800000000000000000e+02,9.504761923800000289e-01
7.810000000000000000e+02,9.509153128200000804e-01
7.820000000000000000e+02,9.513524372580000055e-01
7.830000000000000000e+02,9.517875656940000262e-01
7.840000000000000000e+02,9.522206981280000315e-01
7.850000000000000000e+02,9.526518345600000215e-01
7.860000000000000000e+02,9.530809749899999961e-01
7.870000000000000000e+02,9.535081194179999553e-01
7.880000000000000000e+02,9.539332678440000102e-01
7.890000000000000000e+02,9.543564202680000497e-01
7.900000000000000000e+02,9.547775766899999628e-01
7.910000000000000000e+02,9.551967371099999715e-01
7.920000000000000000e+02,9.556139015279999649e-01
7.930000000000000000e+02,9.560290699439999429e-01
7.940000000000000000e+02,9.564422423580000165e-01
7.950000000000000000e+02,9.568534187700000748e-01
7.960000000000000000e+02,9.572625991800001177e-01
7.970000000000000000e+02,9.576697835880000342e-01
7.980000000000000000e+02,9.580749719940000464e-01
7.990000000000000000e+02,9.584781643980000432e-01
8.000000000000000000e+02,9.588793607999999136e-01
8.010000000000000000e+02,9.592785611999999906e-01
8.020000000000000000e+02,9.596757655980000523e-01
8.030000000000000000e+02,9.600709739939999876e-01
8.040000000000000000e+02,9.604641863880000185e-01
8.050000000000000000e+02,9.608554027800000341e-01
8.060000000000000000e+02,9.612446231699999233e-01
8.070000000000000000e+02,9.616318475580000191e-01
8.080000000000000000e+02,9.620170759439999886e-01
8.090000000000000000e+02,9.624003083279999426e-01
8.100000000000000000e+02,9.627815447100001034e-01
8.110000000000000000e+02,9.631607850900001377e-01
8.120000000000000000e+02,9.635380294680000457e-01
8.130000000000000000e+02,9.639132778439999383e-01
8.140000000000000000e+02,9.642865302179999265e-01
8.150000000000000000e+02,9.646577865900000104e-01
8.160000000000000000e+02,9.650270469599999679e-01
8.170000000000000000e+02,9.653943113280000210e-01
8.180000000000000000e+02,9.657595796940000588e-01
8.190000000000000000e+02,9.661228520580000811e-01
8.200000000000000000e+02,9.664841284199999771e-01
8.210000000000000000e+02,9.668434087799999688e-01
8.220000000000000000e+02,9.672006931379999450e-01
8.230000000000000000e+02,9.675559814940000170e-01
8.240000000000000000e+02,9.679092738480000735e-01
8.250000000000000000e+02,9.682605702000000036e-01
8.260000000000000000e+02,9.686098705500000294e-01
8.270000000000000000e+02,9.689571748979999288e-01
8.280000000000000000e+02,9.693024832439999239e-01
8.290000000000000000e+02,9.696457955879999036e-01
8.300000000000000000e+02,9.699871119299999789e-01
8.310000000000000000e+02,9.703264322700000388e-01
8.320000000000000000e+02,9.706637566079999724e-01
8.330000000000000000e+02,9.709990849440000016e-01
8.340000000000000000e+02,9.713324172780000154e-01
8.350000000000000000e+02,9.716637536100000139e-01
8.360000000000000000e+02,9.719930939399999970e-01
8.370000000000000000e+02,9.723204382679999647e-01
8.380000000000000000e+02,9.726457865939999170e-01
8.390000000000000000e+02,9.729691389179999650e-01
8.400000000000000000e+02,9.732904952399999976e-01
8.410000000000000000e+02,9.736098555600000148e-01
8.420000000000000000e+02,9.739272198780000167e-01
8.430000000000000000e+02,9.742425881939998922e-01
8.440000000000000000e+02,9.745559605079999743e-01
8.450000000000000000e+02,9.748673368200000411e-01
8.460000000000000000e+02,9.751767171300000925e-01
8.470000000000000000e+02,9.754841014380000175e-01
8.480000000000000000e+02,9.757894897440000381e-01
8.490000000000000000e+02,9.760928820479999324e-01
8.500000000000000000e+02,9.763942783500000333e-01
8.510000000000000000e+02,9.766936786500000078e-01
8.520000000000000000e+02,9.769910829479999670e-01
8.530000000000000000e+02,9.772864912440000218e-01
8.540000000000000000e+02,9.775799035380000612e-01
8.550000000000000000e+02,9.778713198300000853e-01
8.560000000000000000e+02,9.781607401199999829e-01
8.570000000000000000e+02,9.784481644079999763e-01
8.580000000000000000e+02,9.787335926939999542e-01
8.590000000000000000e+02,9.790170249780000278e-01
8.600000000000000000e+02,9.792984612599999750e-01
8.610000000000000000e+02,9.795779015400000178e-01
8.620000000000000000e+02,9.798553458180000453e-01
8.630000000000000000e+02,9.801307940940000574e-01
8.640000000000000000e+02,9.804042463679999431e-01
8.650000000000000000e+02,9.806757026399999244e-01
8.660000000000000000e+02,9.809451629100000014e-01
8.670000000000000000e+02,9.812126271779999520e-01
8.680000000000000000e+02,9.814780954439999983e-01
8.690000000000000000e+02,9.817415677080000291e-01
8.700000000000000000e+02,9.820030439700000446e-01
8.710000000000000000e+02,9.822625242300000448e-01
8.720000000000000000e+02,9.825200084880000295e-01
8.730000000000000000e+02,9.827754967439999989e-01
8.740000000000000000e+02,9.830289889980000639e-01
8.750000000000000000e+02,9.832804852500000026e-01
8.760000000000000000e+02,9.835299855000000369e-01
8.770000000000000000e+02,9.837774897480000558e-01
8.780000000000000000e+02,9.840229979939999483e-01
8.790000000000000000e+02,9.842665102379999365e-01
8.800000000000000000e+02,9.845080264800000203e-01
8.810000000000000000e+02,9.847475467199999777e-01
8.820000000000000000e+02,9.849850709580000307e-01
8.830000000000000000e+02,9.852205991940000684e-01
8.840000000000000000e+02,9.854541314280000908e-01
8.850000000000000000e+02,9.856856676599999867e-01
8.860000000000000000e+02,9.859152078899999783e-01
8.870000000000000000e+02,9.861427521179999545e-01
8.880000000000000000e+02,9.863683003439999153e-01
8.890000000000000000e+02,9.865918525679999718e-01
8.900000000000000000e+02,9.868134087900000129e-01
8.910000000000000000e+02,9.870329690100000386e-01
8.920000000000000000e+02,9.872505332279999379e-01
8.930000000000000000e+02,9.874661014440000439e-01
8.940000000000000000e+02,9.876796736579999125e-01
8.950000000000000000e+02,9.878912498699999878e-01
8.960000000000000000e+02,9.881008300800000477e-01
8.970000000000000000e+02,9.883084142879999812e-01
8.980000000000000000e+02,9.885140024940000103e-01
8.990000000000000000e+02,9.887175946980000241e-01
9.000000000000000000e+02,9.889191908999999114e-01
9.010000000000000000e+02,9.891187911000000055e-01
9.020000000000000000e+02,9.893163952979999731e-01
9.030000000000000000e+02,9.895120034939999254e-01
9.040000000000000000e+02,9.897056156880000843e-01
9.050000000000000000e+02,9.898972318800000059e-01
9.060000000000000000e+02,9.900868520700001341e-01
9.070000000000000000e+02,9.902744762579999138e-01
9.080000000000000000e+02,9.904601044440000113e-01
9.090000000000000000e+02,9.906437366279999823e-01
9.100000000000000000e+02,9.908253728099999380e-01
9.110000000000000000e+02,9.910050129899999893e-01
9.120000000000000000e+02,9.911826571680000253e-01
9.130000000000000000e+02,9.913583053440000459e-01
9.140000000000000000e+02,9.915319575179999401e-01
9.150000000000000000e+02,9.917036136899999299e-01
9.160000000000000000e+02,9.918732738599999044e-01
9.170000000000000000e+02,9.920409380280000855e-01
9.180000000000000000e+02,9.922066061940000292e-01
9.190000000000000000e+02,9.923702783579999576e-01
9.200000000000000000e+02,9.925319545199999816e-01
9.210000000000000000e+02,9.926916346799999902e-01
9.220000000000000000e+02,9.928493188379999834e-01
9.230000000000000000e+02,9.930050069939999613e-01
9.240000000000000000e+02,9.931586991479999238e-01
9.250000000000000000e+02,9.933103952999999819e-01
9.260000000000000000e+02,9.934600954500000247e-01
9.270000000000000000e+02,9.936077995980000521e-01
9.280000000000000000e+02,9.937535077440000642e-01
9.290000000000000000e+02,9.938972198879999498e-01
9.300000000000000000e+02,9.940389360300000421e-01
9.310000000000000000e+02,9.941786561700000080e-01
9.320000000000000000e+02,9.943163803080000696e-01
9.330000000000000000e+02,9.944521084440000047e-01
9.340000000000000000e+02,9.945858405780000355e-01
9.350000000000000000e+02,9.947175767100000510e-01
9.360000000000000000e+02,9.948473168399999400e-01
9.370000000000000000e+02,9.949750609679999247e-01
9.380000000000000000e+02,9.951008090940000050e-01
9.390000000000000000e+02,9.952245612179999590e-01
9.400000000000000000e+02,9.953463173400000086e-01
9.410000000000000000e+02,9.954660774600000428e-01
9.420000000000000000e+02,9.955838415780000616e-01
9.430000000000000000e+02,9.956996096939999541e-01
9.440000000000000000e+02,9.958133818079999422e-01
9.450000000000000000e+02,9.959251579200000259e-01
9.460000000000000000e+02,9.960349380300000943e-01
9.470000000000000000e+02,9.961427221380000363e-01
9.480000000000000000e+02,9.962485102440000739e-01
9.490000000000000000e+02,9.963523023479999852e-01
9.500000000000000000e+02,9.964540984499999920e-01
9.510000000000000000e+02,9.965538985499999836e-01
9.520000000000000000e+02,9.966517026480000707e-01
9.530000000000000000e+02,9.967475107439999205e-01
9.540000000000000000e+02,9.968413228380000879e-01
9.550000000000000000e+02,9.969331389300000179e-01
9.560000000000000000e+02,9.970229590200000436e-01
9.570000000000000000e+02,9.971107831079999428e-01
9.580000000000000000e+02,9.971966111939999378e-01
9.590000000000000000e+02,9.972804432780000283e-01
9.600000000000000000e+02,9.973622793599999925e-01
9.610000000000000000e+02,9.974421194400000523e-01
9.620000000000000000e+02,9.975199635179999857e-01
9.630000000000000000e+02,9.975958115940001258e-01
9.640000000000000000e+02,9.976696636680000285e-01
9.650000000000000000e+02,9.977415197400000269e-01
9.660000000000000000e+02,9.978113798100000098e-01
9.670000000000000000e+02,9.978792438779999774e-01
9.680000000000000000e+02,9.979451119439999296e-01
9.690000000000000000e+02,9.980089840080000885e-01
9.700000000000000000e+02,9.980708600700000099e-01
9.710000000000000000e+02,9.981307401300001381e-01
9.720000000000000000e+02,9.981886241879999178e-01
9.730000000000000000e+02,9.982445122440000151e-01
9.740000000000000000e+02,9.982984042979999861e-01
9.750000000000000000e+02,9.983503003499999418e-01
9.760000000000000000e+02,9.984002003999999930e-01
9.770000000000000000e+02,9.984481044480000289e-01
9.780000000000000000e+02,9.984940124940000494e-01
9.790000000000000000e+02,9.985379245379999436e-01
9.800000000000000000e+02,9.985798405800000443e-01
9.810000000000000000e+02,9.986197606200000187e-01
9.820000000000000000e+02,9.986576846579999778e-01
9.830000000000000000e+02,9.986936126940000324e-01
9.840000000000000000e+02,9.987275447279999607e-01
9.850000000000000000e+02,9.987594807600000957e-01
9.860000000000000000e+02,9.987894207899999932e-01
9.870000000000000000e+02,9.988173648179999864e-01
9.880000000000000000e+02,9.988433128439999642e-01
9.890000000000000000e+02,9.988672648680000377e-01
9.900000000000000000e+02,9.988892208899999847e-01
9.910000000000000000e+02,9.989091809100000274e-01
9.920000000000000000e+02,9.989271449280000548e-01
9.930000000000000000e+02,9.989431129440000667e-01
9.940000000000000000e+02,9.989570849579999523e-01
9.950000000000000000e+02,9.989690609700000445e-01
9.960000000000000000e+02,9.989790409799998994e-01
9.970000000000000000e+02,9.989870249880000719e-01
9.980000000000000000e+02,9.989930129940001180e-01
9.990000000000000000e+02,9.989970049980000377e-01
1.000000000000000000e+03,9.989990010000000531e-01
0.000000000000000000e+00,0.000000000000000000e+00
