# proportion, advantage
1.000000000000000021e-03,1.996002000000001927e-03
2.000000000000000042e-03,3.990007998000050932e-03
3.000000000000000062e-03,5.982017994000035123e-03
4.000000000000000083e-03,7.972031987999957103e-03
5.000000000000000104e-03,9.960049980000034581e-03
6.000000000000000125e-03,1.194607197000004811e-02
7.000000000000000146e-03,1.393009795799999770e-02
8.000000000000000167e-03,1.591212794399999783e-02
8.999999999999999320e-03,1.789216192800003810e-02
1.000000000000000021e-02,1.987019991000002136e-02
1.099999999999999936e-02,2.184624189000004477e-02
1.200000000000000025e-02,2.382028786800000769e-02
1.299999999999999940e-02,2.579233784400001422e-02
1.400000000000000029e-02,2.776239181799996375e-02
1.499999999999999944e-02,2.973044978999995688e-02
1.600000000000000033e-02,3.169651175999999709e-02
1.700000000000000122e-02,3.366057772799996989e-02
1.799999999999999864e-02,3.562264769399998976e-02
1.899999999999999953e-02,3.758272165799995262e-02
2.000000000000000042e-02,3.954079961999995563e-02
2.100000000000000130e-02,4.149688157999999877e-02
2.199999999999999872e-02,4.345096753799999184e-02
2.299999999999999961e-02,4.540305749400002505e-02
2.400000000000000050e-02,4.735315144799999432e-02
2.500000000000000139e-02,4.930124940000001760e-02
2.599999999999999881e-02,5.124735134999996305e-02
2.699999999999999969e-02,5.319145729799996253e-02
2.800000000000000058e-02,5.513356724400001602e-02
2.900000000000000147e-02,5.707368118799999862e-02
2.999999999999999889e-02,5.901179913000002830e-02
3.099999999999999978e-02,6.094792106999998710e-02
3.200000000000000067e-02,6.288204700800001379e-02
3.300000000000000155e-02,6.481417694399994878e-02
3.400000000000000244e-02,6.674431087799993778e-02
3.500000000000000333e-02,6.867244880999998080e-02
3.599999999999999728e-02,7.059859073999996681e-02
3.699999999999999817e-02,7.252273666799999297e-02
3.799999999999999906e-02,7.444488659399994823e-02
3.899999999999999994e-02,7.636504051799995751e-02
4.000000000000000083e-02,7.828319844000002081e-02
4.100000000000000172e-02,8.019936036000001323e-02
4.200000000000000261e-02,8.211352627800003190e-02
4.299999999999999656e-02,8.402569619400000744e-02
4.399999999999999745e-02,8.593587010800002313e-02
4.499999999999999833e-02,8.784404801999998180e-02
4.599999999999999922e-02,8.975022992999999449e-02
4.700000000000000011e-02,9.165441583800004732e-02
4.800000000000000100e-02,9.355660574400002927e-02
4.900000000000000189e-02,9.545679964799995421e-02
5.000000000000000278e-02,9.735499755000003030e-02
5.099999999999999672e-02,9.925119945000004940e-02
5.199999999999999761e-02,1.011454053479999837e-01
5.299999999999999850e-02,1.030376152439999859e-01
5.399999999999999939e-02,1.049278291380000283e-01
5.500000000000000028e-02,1.068160470300000137e-01
5.600000000000000117e-02,1.087022689200000392e-01
5.700000000000000205e-02,1.105864948080000076e-01
5.800000000000000294e-02,1.124687246940000163e-01
5.899999999999999689e-02,1.143489585779999679e-01
5.999999999999999778e-02,1.162271964599999596e-01
6.099999999999999867e-02,1.181034383399999915e-01
6.199999999999999956e-02,1.199776842179999664e-01
6.300000000000000044e-02,1.218499340939999953e-01
6.400000000000000133e-02,1.237201879679999533e-01
6.500000000000000222e-02,1.255884458399999515e-01
6.600000000000000311e-02,1.274547077100000037e-01
6.700000000000000400e-02,1.293189735780000127e-01
6.800000000000000488e-02,1.311812434440000341e-01
6.900000000000000577e-02,1.330415173080000124e-01
7.000000000000000666e-02,1.348997951700000308e-01
7.099999999999999367e-02,1.367560770299999784e-01
7.199999999999999456e-02,1.386103628879999661e-01
7.299999999999999545e-02,1.404626527440000494e-01
7.399999999999999634e-02,1.423129465980000063e-01
7.499999999999999722e-02,1.441612444500000312e-01
7.599999999999999811e-02,1.460075463000000129e-01
7.699999999999999900e-02,1.478518521480000070e-01
7.799999999999999989e-02,1.496941619939999857e-01
7.900000000000000078e-02,1.515344758379999490e-01
8.000000000000000167e-02,1.533727936800000080e-01
8.100000000000000255e-02,1.552091155199999961e-01
8.200000000000000344e-02,1.570434413580000244e-01
8.300000000000000433e-02,1.588757711939999817e-01
8.400000000000000522e-02,1.607061050279999792e-01
8.500000000000000611e-02,1.625344428600000446e-01
8.599999999999999312e-02,1.643607846900000113e-01
8.699999999999999400e-02,1.661851305179999627e-01
8.799999999999999489e-02,1.680074803440000375e-01
8.899999999999999578e-02,1.698278341679999581e-01
8.999999999999999667e-02,1.716461919900000022e-01
9.099999999999999756e-02,1.734625538100000308e-01
9.199999999999999845e-02,1.752769196279999608e-01
9.299999999999999933e-02,1.770892894439999310e-01
9.400000000000000022e-02,1.788996632579999968e-01
9.500000000000000111e-02,1.807080410699999362e-01
9.600000000000000200e-02,1.825144228799999713e-01
9.700000000000000289e-02,1.843188086880000187e-01
9.800000000000000377e-02,1.861211984940000508e-01
9.900000000000000466e-02,1.879215922979999565e-01
1.000000000000000056e-01,1.897199900999999578e-01
1.010000000000000064e-01,1.915163918999999715e-01
1.019999999999999934e-01,1.933107976980000531e-01
1.029999999999999943e-01,1.951032074939999528e-01
1.039999999999999952e-01,1.968936212880000036e-01
1.049999999999999961e-01,1.986820390800000113e-01
1.059999999999999970e-01,2.004684608700000314e-01
1.069999999999999979e-01,2.022528866580000362e-01
1.079999999999999988e-01,2.040353164440000255e-01
1.089999999999999997e-01,2.058157502280000273e-01
1.100000000000000006e-01,2.075941880100000136e-01
1.110000000000000014e-01,2.093706297899999569e-01
1.120000000000000023e-01,2.111450755680000513e-01
1.130000000000000032e-01,2.129175253439999638e-01
1.140000000000000041e-01,2.146879791179999442e-01
1.150000000000000050e-01,2.164564368899999647e-01
1.160000000000000059e-01,2.182228986600000531e-01
1.170000000000000068e-01,2.199873644280000429e-01
1.179999999999999938e-01,2.217498341939999895e-01
1.189999999999999947e-01,2.235103079579999485e-01
1.199999999999999956e-01,2.252687857200000032e-01
1.209999999999999964e-01,2.270252674799999593e-01
1.219999999999999973e-01,2.287797532379999554e-01
1.229999999999999982e-01,2.305322429940000473e-01
1.239999999999999991e-01,2.322827367480000127e-01
1.250000000000000000e-01,2.340312344999999628e-01
1.260000000000000009e-01,2.357777362500000362e-01
1.270000000000000018e-01,2.375222419979999833e-01
1.280000000000000027e-01,2.392647517440000260e-01
1.290000000000000036e-01,2.410052654880000533e-01
1.300000000000000044e-01,2.427437832299999820e-01
1.310000000000000053e-01,2.444803049699999786e-01
1.320000000000000062e-01,2.462148307080000431e-01
1.330000000000000071e-01,2.479473604439999812e-01
1.340000000000000080e-01,2.496778941780000427e-01
1.350000000000000089e-01,2.514064319100000056e-01
1.360000000000000098e-01,2.531329736399999808e-01
1.370000000000000107e-01,2.548575193680000517e-01
1.380000000000000115e-01,2.565800690940000517e-01
1.390000000000000124e-01,2.583006228179999808e-01
1.400000000000000133e-01,2.600191805400000056e-01
1.409999999999999865e-01,2.617357422600000705e-01
1.419999999999999873e-01,2.634503079780000090e-01
1.429999999999999882e-01,2.651628776939999876e-01
1.439999999999999891e-01,2.668734514080000619e-01
1.449999999999999900e-01,2.685820291200000098e-01
1.459999999999999909e-01,2.702886108299999424e-01
1.469999999999999918e-01,2.719931965380000261e-01
1.479999999999999927e-01,2.736957862440000389e-01
1.489999999999999936e-01,2.753963799479999808e-01
1.499999999999999944e-01,2.770949776499999628e-01
1.509999999999999953e-01,2.787915793499999850e-01
1.519999999999999962e-01,2.804861850479999918e-01
1.529999999999999971e-01,2.821787947440000388e-01
1.539999999999999980e-01,2.838694084379999594e-01
1.549999999999999989e-01,2.855580261299999756e-01
1.559999999999999998e-01,2.872446478200000319e-01
1.570000000000000007e-01,2.889292735080000729e-01
1.580000000000000016e-01,2.906119031939999320e-01
1.590000000000000024e-01,2.922925368780000532e-01
1.600000000000000033e-01,2.939711745599999926e-01
1.610000000000000042e-01,2.956478162399999721e-01
1.620000000000000051e-01,2.973224619179999917e-01
1.630000000000000060e-01,2.989951115939999959e-01
1.640000000000000069e-01,3.006657652679999848e-01
1.650000000000000078e-01,3.023344229399999583e-01
1.660000000000000087e-01,3.040010846099999720e-01
1.670000000000000095e-01,3.056657502779999702e-01
1.680000000000000104e-01,3.073284199440000086e-01
1.690000000000000113e-01,3.089890936080000317e-01
1.700000000000000122e-01,3.106477712699999838e-01
1.710000000000000131e-01,3.123044529300000871e-01
1.719999999999999862e-01,3.139591385879999530e-01
1.729999999999999871e-01,3.156118282440000256e-01
1.739999999999999880e-01,3.172625218980000827e-01
1.749999999999999889e-01,3.189112195500000135e-01
1.759999999999999898e-01,3.205579211999999845e-01
1.769999999999999907e-01,3.222026268480000510e-01
1.779999999999999916e-01,3.238453364939999912e-01
1.789999999999999925e-01,3.254860501380000271e-01
1.799999999999999933e-01,3.271247677799999920e-01
1.809999999999999942e-01,3.287614894199999971e-01
1.819999999999999951e-01,3.303962150580000423e-01
1.829999999999999960e-01,3.320289446940000166e-01
1.839999999999999969e-01,3.336596783279999756e-01
1.849999999999999978e-01,3.352884159600000302e-01
1.859999999999999987e-01,3.369151575900000140e-01
1.869999999999999996e-01,3.385399032179999823e-01
1.880000000000000004e-01,3.401626528439999908e-01
1.890000000000000013e-01,3.417834064680000949e-01
1.900000000000000022e-01,3.434021640900000172e-01
1.910000000000000031e-01,3.450189257099999796e-01
1.920000000000000040e-01,3.466336913280000376e-01
1.930000000000000049e-01,3.482464609440000802e-01
1.940000000000000058e-01,3.498572345579999965e-01
1.950000000000000067e-01,3.514660121700000084e-01
1.960000000000000075e-01,3.530727937800000604e-01
1.970000000000000084e-01,3.546775793879999861e-01
1.980000000000000093e-01,3.562803689940000074e-01
1.990000000000000102e-01,3.578811625980000133e-01
2.000000000000000111e-01,3.594799602000000038e-01
2.010000000000000120e-01,3.610767617999999235e-01
2.020000000000000129e-01,3.626715673979999388e-01
2.030000000000000138e-01,3.642643769939999943e-01
2.039999999999999869e-01,3.658551905879999788e-01
2.049999999999999878e-01,3.674440081799999480e-01
2.059999999999999887e-01,3.690308297700000684e-01
2.069999999999999896e-01,3.706156553580000623e-01
2.079999999999999905e-01,3.721984849439999854e-01
2.089999999999999913e-01,3.737793185279999486e-01
2.099999999999999922e-01,3.753581561100000075e-01
2.109999999999999931e-01,3.769349976899999954e-01
2.119999999999999940e-01,3.785098432679999680e-01
2.129999999999999949e-01,3.800826928440000363e-01
2.139999999999999958e-01,3.816535464180000892e-01
2.149999999999999967e-01,3.832224039899999601e-01
2.159999999999999976e-01,3.847892655599999823e-01
2.169999999999999984e-01,3.863541311279999890e-01
2.179999999999999993e-01,3.879170006939999804e-01
2.190000000000000002e-01,3.894778742579999564e-01
2.200000000000000011e-01,3.910367518200000281e-01
2.210000000000000020e-01,3.925936333800000289e-01
2.220000000000000029e-01,3.941485189379999587e-01
2.230000000000000038e-01,3.957014084940000398e-01
2.240000000000000047e-01,3.972523020479999389e-01
2.250000000000000056e-01,3.988011996000000448e-01
2.260000000000000064e-01,4.003481011500000242e-01
2.270000000000000073e-01,4.018930066979999882e-01
2.280000000000000082e-01,4.034359162439999924e-01
2.290000000000000091e-01,4.049768297880000367e-01
2.300000000000000100e-01,4.065157473299999547e-01
2.310000000000000109e-01,4.080526688699999682e-01
2.320000000000000118e-01,4.095875944079999664e-01
2.330000000000000127e-01,4.111205239439999493e-01
2.340000000000000135e-01,4.126514574779999722e-01
2.349999999999999867e-01,4.141803950099999798e-01
2.359999999999999876e-01,4.157073365400000275e-01
2.369999999999999885e-01,4.172322820679999489e-01
2.379999999999999893e-01,4.187552315939999659e-01
2.389999999999999902e-01,4.202761851180000785e-01
2.399999999999999911e-01,4.217951426400000647e-01
2.409999999999999920e-01,4.233121041599999801e-01
2.419999999999999929e-01,4.248270696779999911e-01
2.429999999999999938e-01,4.263400391939999867e-01
2.439999999999999947e-01,4.278510127079999115e-01
2.449999999999999956e-01,4.293599902199999319e-01
2.459999999999999964e-01,4.308669717300000479e-01
2.469999999999999973e-01,4.323719572380000375e-01
2.479999999999999982e-01,4.338749467440000118e-01
2.489999999999999991e-01,4.353759402480000262e-01
2.500000000000000000e-01,4.368749377500000808e-01
2.510000000000000009e-01,4.383719392499999534e-01
2.520000000000000018e-01,4.398669447479999772e-01
2.530000000000000027e-01,4.413599542439999301e-01
2.540000000000000036e-01,4.428509677380000897e-01
2.550000000000000044e-01,4.443399852299999564e-01
2.560000000000000053e-01,4.458270067200000297e-01
2.570000000000000062e-01,4.473120322079999767e-01
2.580000000000000071e-01,4.487950616940000192e-01
2.590000000000000080e-01,4.502760951779999909e-01
2.600000000000000089e-01,4.517551326599999473e-01
2.610000000000000098e-01,4.532321741400000548e-01
2.620000000000000107e-01,4.547072196179999248e-01
2.630000000000000115e-01,4.561802690940000571e-01
2.640000000000000124e-01,4.576513225680000629e-01
2.650000000000000133e-01,4.591203800399999979e-01
2.660000000000000142e-01,4.605874415099999730e-01
2.670000000000000151e-01,4.620525069780000438e-01
2.680000000000000160e-01,4.635155764440000437e-01
2.690000000000000169e-01,4.649766499080000837e-01
2.700000000000000178e-01,4.664357273699999973e-01
2.710000000000000187e-01,4.678928088300000065e-01
2.720000000000000195e-01,4.693478942879999449e-01
2.730000000000000204e-01,4.708009837440000345e-01
2.740000000000000213e-01,4.722520771979999976e-01
2.750000000000000222e-01,4.737011746499999454e-01
2.760000000000000231e-01,4.751482760999999888e-01
2.770000000000000240e-01,4.765933815480000169e-01
2.780000000000000249e-01,4.780364909940000295e-01
2.790000000000000258e-01,4.794776044379999713e-01
2.800000000000000266e-01,4.809167218799999532e-01
2.810000000000000275e-01,4.823538433199999753e-01
2.819999999999999729e-01,4.837889687579999820e-01
2.829999999999999738e-01,4.852220981939999733e-01
2.839999999999999747e-01,4.866532316280000048e-01
2.849999999999999756e-01,4.880823690600000209e-01
2.859999999999999765e-01,4.895095104899999661e-01
2.869999999999999774e-01,4.909346559180000069e-01
2.879999999999999782e-01,4.923578053439999769e-01
2.889999999999999791e-01,4.937789587680000425e-01
2.899999999999999800e-01,4.951981161899999817e-01
2.909999999999999809e-01,4.966152776099999611e-01
2.919999999999999818e-01,4.980304430279999806e-01
2.929999999999999827e-01,4.994436124440000402e-01
2.939999999999999836e-01,5.008547858580000289e-01
2.949999999999999845e-01,5.022639632700000023e-01
2.959999999999999853e-01,5.036711446799999603e-01
2.969999999999999862e-01,5.050763300880000140e-01
2.979999999999999871e-01,5.064795194939999412e-01
2.989999999999999880e-01,5.078807128979999641e-01
2.999999999999999889e-01,5.092799102999999716e-01
3.009999999999999898e-01,5.106771116999999638e-01
3.019999999999999907e-01,5.120723170979999406e-01
3.029999999999999916e-01,5.134655264940000130e-01
3.039999999999999925e-01,5.148567398880000701e-01
3.049999999999999933e-01,5.162459572800000007e-01
3.059999999999999942e-01,5.176331786700001381e-01
3.069999999999999951e-01,5.190184040579999269e-01
3.079999999999999960e-01,5.204016334439999225e-01
3.089999999999999969e-01,5.217828668279999027e-01
3.099999999999999978e-01,5.231621042099999785e-01
3.109999999999999987e-01,5.245393455900000390e-01
3.119999999999999996e-01,5.259145909680000841e-01
3.130000000000000004e-01,5.272878403440001138e-01
3.140000000000000013e-01,5.286590937180001282e-01
3.150000000000000022e-01,5.300283510900000161e-01
3.160000000000000031e-01,5.313956124599999997e-01
3.170000000000000040e-01,5.327608778279999679e-01
3.180000000000000049e-01,5.341241471939999208e-01
3.190000000000000058e-01,5.354854205579999693e-01
3.200000000000000067e-01,5.368446979200001135e-01
3.210000000000000075e-01,5.382019792800000202e-01
3.220000000000000084e-01,5.395572646379999115e-01
3.230000000000000093e-01,5.409105539939998986e-01
3.240000000000000102e-01,5.422618473479999812e-01
3.250000000000000111e-01,5.436111446999999375e-01
3.260000000000000120e-01,5.449584460499999894e-01
3.270000000000000129e-01,5.463037513980000259e-01
3.280000000000000138e-01,5.476470607440000471e-01
3.290000000000000147e-01,5.489883740880000529e-01
3.300000000000000155e-01,5.503276914299999323e-01
3.310000000000000164e-01,5.516650127700000183e-01
3.320000000000000173e-01,5.530003381079999780e-01
3.330000000000000182e-01,5.543336674440000333e-01
3.340000000000000191e-01,5.556650007779999623e-01
3.350000000000000200e-01,5.569943381099999868e-01
3.360000000000000209e-01,5.583216794399999960e-01
3.370000000000000218e-01,5.596470247679999899e-01
3.380000000000000226e-01,5.609703740940000793e-01
3.390000000000000235e-01,5.622917274179999314e-01
3.400000000000000244e-01,5.636110847400001012e-01
3.410000000000000253e-01,5.649284460600000335e-01
3.420000000000000262e-01,5.662438113780000615e-01
3.430000000000000271e-01,5.675571806940000741e-01
3.439999999999999725e-01,5.688685540079999603e-01
3.449999999999999734e-01,5.701779313199999422e-01
3.459999999999999742e-01,5.714853126300000197e-01
3.469999999999999751e-01,5.727906979379999708e-01
3.479999999999999760e-01,5.740940872440000176e-01
3.489999999999999769e-01,5.753954805480001600e-01
3.499999999999999778e-01,5.766948778500000650e-01
3.509999999999999787e-01,5.779922791499999546e-01
3.519999999999999796e-01,5.792876844479999399e-01
3.529999999999999805e-01,5.805810937440000208e-01
3.539999999999999813e-01,5.818725070379999753e-01
3.549999999999999822e-01,5.831619243300000255e-01
3.559999999999999831e-01,5.844493456199999493e-01
3.569999999999999840e-01,5.857347709080000797e-01
3.579999999999999849e-01,5.870182001939999727e-01
3.589999999999999858e-01,5.882996334779999614e-01
3.599999999999999867e-01,5.895790707599999347e-01
3.609999999999999876e-01,5.908565120400000037e-01
3.619999999999999885e-01,5.921319573180000573e-01
3.629999999999999893e-01,5.934054065940000955e-01
3.639999999999999902e-01,5.946768598680001183e-01
3.649999999999999911e-01,5.959463171400000148e-01
3.659999999999999920e-01,5.972137784100000069e-01
3.669999999999999929e-01,5.984792436779999836e-01
3.679999999999999938e-01,5.997427129440000559e-01
3.689999999999999947e-01,6.010041862080000019e-01
3.699999999999999956e-01,6.022636634699999325e-01
3.709999999999999964e-01,6.035211447300000698e-01
3.719999999999999973e-01,6.047766299879999696e-01
3.729999999999999982e-01,6.060301192439999651e-01
3.739999999999999991e-01,6.072816124979999453e-01
3.750000000000000000e-01,6.085311097500000210e-01
3.760000000000000009e-01,6.097786109999999704e-01
3.770000000000000018e-01,6.110241162480001265e-01
3.780000000000000027e-01,6.122676254940000451e-01
3.790000000000000036e-01,6.135091387379999484e-01
3.800000000000000044e-01,6.147486559799999473e-01
3.810000000000000053e-01,6.159861772199999308e-01
3.820000000000000062e-01,6.172217024580000100e-01
3.830000000000000071e-01,6.184552316940000738e-01
3.840000000000000080e-01,6.196867649280000112e-01
3.850000000000000089e-01,6.209163021600000443e-01
3.860000000000000098e-01,6.221438433900000620e-01
3.870000000000000107e-01,6.233693886179999533e-01
3.880000000000000115e-01,6.245929378439999402e-01
3.890000000000000124e-01,6.258144910679999118e-01
3.900000000000000133e-01,6.270340482899999790e-01
3.910000000000000142e-01,6.282516095100000308e-01
3.920000000000000151e-01,6.294671747279999563e-01
3.930000000000000160e-01,6.306807439439999774e-01
3.940000000000000169e-01,6.318923171579998721e-01
3.950000000000000178e-01,6.331018943699999735e-01
3.960000000000000187e-01,6.343094755800000595e-01
3.970000000000000195e-01,6.355150607880000191e-01
3.980000000000000204e-01,6.367186499939999633e-01
3.990000000000000213e-01,6.379202431980000032e-01
4.000000000000000222e-01,6.391198404000001387e-01
4.010000000000000231e-01,6.403174415999999258e-01
4.020000000000000240e-01,6.415130467979999196e-01
4.030000000000000249e-01,6.427066559940000090e-01
4.040000000000000258e-01,6.438982691879999720e-01
4.050000000000000266e-01,6.450878863799999197e-01
4.060000000000000275e-01,6.462755075700000740e-01
4.069999999999999729e-01,6.474611327580001019e-01
4.079999999999999738e-01,6.486447619440001144e-01
4.089999999999999747e-01,6.498263951280000006e-01
4.099999999999999756e-01,6.510060323099999824e-01
4.109999999999999765e-01,6.521836734900000598e-01
4.119999999999999774e-01,6.533593186680000109e-01
4.129999999999999782e-01,6.545329678440000576e-01
4.139999999999999791e-01,6.557046210180000889e-01
4.149999999999999800e-01,6.568742781899999938e-01
4.159999999999999809e-01,6.580419393599998834e-01
4.169999999999999818e-01,6.592076045279999796e-01
4.179999999999999827e-01,6.603712736940000605e-01
4.189999999999999836e-01,6.615329468579999039e-01
4.199999999999999845e-01,6.626926240200000651e-01
4.209999999999999853e-01,6.638503051799999888e-01
4.219999999999999862e-01,6.650059903380000081e-01
4.229999999999999871e-01,6.661596794939999011e-01
4.239999999999999880e-01,6.673113726480000008e-01
4.249999999999999889e-01,6.684610697999999740e-01
4.259999999999999898e-01,6.696087709500000429e-01
4.269999999999999907e-01,6.707544760979999854e-01
4.279999999999999916e-01,6.718981852440000235e-01
4.289999999999999925e-01,6.730398983880000463e-01
4.299999999999999933e-01,6.741796155299999427e-01
4.309999999999999942e-01,6.753173366699999347e-01
4.319999999999999951e-01,6.764530618079999114e-01
4.329999999999999960e-01,6.775867909439999837e-01
4.339999999999999969e-01,6.787185240780000406e-01
4.349999999999999978e-01,6.798482612100000821e-01
4.359999999999999987e-01,6.809760023399999973e-01
4.369999999999999996e-01,6.821017474679998971e-01
4.380000000000000004e-01,6.832254965940000035e-01
4.390000000000000013e-01,6.843472497179999836e-01
4.400000000000000022e-01,6.854670068399999483e-01
4.410000000000000031e-01,6.865847679600000086e-01
4.420000000000000040e-01,6.877005330780000536e-01
4.430000000000000049e-01,6.888143021940000832e-01
4.440000000000000058e-01,6.899260753080000974e-01
4.450000000000000067e-01,6.910358524199999852e-01
4.460000000000000075e-01,6.921436335300000797e-01
4.470000000000000084e-01,6.932494186380000478e-01
4.480000000000000093e-01,6.943532077440000005e-01
4.490000000000000102e-01,6.954550008480000489e-01
4.500000000000000111e-01,6.965547979499999709e-01
4.510000000000000120e-01,6.976525990499999885e-01
4.520000000000000129e-01,6.987484041479998798e-01
4.530000000000000138e-01,6.998422132439999777e-01
4.540000000000000147e-01,7.009340263379999492e-01
4.550000000000000155e-01,7.020238434299999053e-01
4.560000000000000164e-01,7.031116645199999571e-01
4.570000000000000173e-01,7.041974896080001045e-01
4.580000000000000182e-01,7.052813186940000145e-01
4.590000000000000191e-01,7.063631517779999092e-01
4.600000000000000200e-01,7.074429888599998995e-01
4.610000000000000209e-01,7.085208299399999854e-01
4.620000000000000218e-01,7.095966750179999449e-01
4.630000000000000226e-01,7.106705240940000001e-01
4.640000000000000235e-01,7.117423771680001510e-01
4.650000000000000244e-01,7.128122342400000644e-01
4.660000000000000253e-01,7.138800953099999624e-01
4.670000000000000262e-01,7.149459603779999561e-01
4.680000000000000271e-01,7.160098294440000455e-01
4.689999999999999725e-01,7.170717025080000084e-01
4.699999999999999734e-01,7.181315795700000670e-01
4.709999999999999742e-01,7.191894606299999992e-01
4.719999999999999751e-01,7.202453456880001381e-01
4.729999999999999760e-01,7.212992347440000396e-01
4.739999999999999769e-01,7.223511277979999257e-01
4.749999999999999778e-01,7.234010248500000184e-01
4.759999999999999787e-01,7.244489259000000958e-01
4.769999999999999796e-01,7.254948309479999358e-01
4.779999999999999805e-01,7.265387399940000934e-01
4.789999999999999813e-01,7.275806530380000137e-01
4.799999999999999822e-01,7.286205700800000296e-01
4.809999999999999831e-01,7.296584911200000301e-01
4.819999999999999840e-01,7.306944161579999042e-01
4.829999999999999849e-01,7.317283451939999850e-01
4.839999999999999858e-01,7.327602782280000504e-01
4.849999999999999867e-01,7.337902152599999894e-01
4.859999999999999876e-01,7.348181562900001351e-01
4.869999999999999885e-01,7.358441013180000434e-01
4.879999999999999893e-01,7.368680503439999363e-01
4.889999999999999902e-01,7.378900033679999249e-01
4.899999999999999911e-01,7.389099603900000091e-01
4.909999999999999920e-01,7.399279214100000779e-01
4.919999999999999929e-01,7.409438864280001313e-01
4.929999999999999938e-01,7.419578554440000584e-01
4.939999999999999947e-01,7.429698284579999701e-01
4.949999999999999956e-01,7.439798054699998664e-01
4.959999999999999964e-01,7.449877864800000804e-01
4.969999999999999973e-01,7.459937714879999460e-01
4.979999999999999982e-01,7.469977604940000182e-01
4.989999999999999991e-01,7.479997534980000751e-01
5.000000000000000000e-01,7.489997505000000055e-01
5.010000000000000009e-01,7.499977515000001427e-01
5.020000000000000018e-01,7.509937564979999314e-01
5.030000000000000027e-01,7.519877654939999267e-01
5.040000000000000036e-01,7.529797784880000178e-01
5.050000000000000044e-01,7.539697954799999824e-01
5.060000000000000053e-01,7.549578164700000427e-01
5.070000000000000062e-01,7.559438414580000876e-01
5.080000000000000071e-01,7.569278704440000061e-01
5.090000000000000080e-01,7.579099034280000202e-01
5.100000000000000089e-01,7.588899404100000190e-01
5.110000000000000098e-01,7.598679813900000024e-01
5.120000000000000107e-01,7.608440263679999704e-01
5.130000000000000115e-01,7.618180753440000341e-01
5.140000000000000124e-01,7.627901283179999714e-01
5.150000000000000133e-01,7.637601852900000043e-01
5.160000000000000142e-01,7.647282462600000219e-01
5.170000000000000151e-01,7.656943112280000241e-01
5.180000000000000160e-01,7.666583801939998999e-01
5.190000000000000169e-01,7.676204531580000934e-01
5.200000000000000178e-01,7.685805301199999384e-01
5.210000000000000187e-01,7.695386110799999901e-01
5.220000000000000195e-01,7.704946960380000265e-01
5.230000000000000204e-01,7.714487849940000475e-01
5.240000000000000213e-01,7.724008779479999420e-01
5.250000000000000222e-01,7.733509749000000433e-01
5.260000000000000231e-01,7.742990758500000181e-01
5.270000000000000240e-01,7.752451807980000886e-01
5.280000000000000249e-01,7.761892897440000327e-01
5.290000000000000258e-01,7.771314026880000725e-01
5.300000000000000266e-01,7.780715196299999858e-01
5.310000000000000275e-01,7.790096405699998838e-01
5.320000000000000284e-01,7.799457655079999885e-01
5.330000000000000293e-01,7.808798944440000778e-01
5.340000000000000302e-01,7.818120273779999296e-01
5.350000000000000311e-01,7.827421643099999882e-01
5.360000000000000320e-01,7.836703052400000313e-01
5.370000000000000329e-01,7.845964501679999481e-01
5.380000000000000338e-01,7.855205990940000715e-01
5.390000000000000346e-01,7.864427520179999576e-01
5.400000000000000355e-01,7.873629089399999392e-01
5.410000000000000364e-01,7.882810698599999055e-01
5.420000000000000373e-01,7.891972347779999675e-01
5.430000000000000382e-01,7.901114036940000140e-01
5.440000000000000391e-01,7.910235766080000452e-01
5.450000000000000400e-01,7.919337535200000611e-01
5.460000000000000409e-01,7.928419344300000615e-01
5.470000000000000417e-01,7.937481193379999356e-01
5.480000000000000426e-01,7.946523082440000163e-01
5.490000000000000435e-01,7.955545011479999706e-01
5.500000000000000444e-01,7.964546980500000206e-01
5.510000000000000453e-01,7.973528989500000552e-01
5.520000000000000462e-01,7.982491038479999634e-01
5.530000000000000471e-01,7.991433127439999673e-01
5.540000000000000480e-01,8.000355256379999558e-01
5.550000000000000488e-01,8.009257425299999289e-01
5.560000000000000497e-01,8.018139634199999977e-01
5.570000000000000506e-01,8.027001883080000511e-01
5.580000000000000515e-01,8.035844171940000891e-01
5.590000000000000524e-01,8.044666500780000007e-01
5.600000000000000533e-01,8.053468869599998969e-01
5.610000000000000542e-01,8.062251278399999999e-01
5.620000000000000551e-01,8.071013727179999764e-01
5.629999999999999449e-01,8.079756215939999375e-01
5.639999999999999458e-01,8.088478744679999943e-01
5.649999999999999467e-01,8.097181313400000358e-01
5.659999999999999476e-01,8.105863922100000618e-01
5.669999999999999485e-01,8.114526570779999615e-01
5.679999999999999494e-01,8.123169259439999568e-01
5.689999999999999503e-01,8.131791988080000477e-01
5.699999999999999512e-01,8.140394756699999013e-01
5.709999999999999520e-01,8.148977565299999615e-01
5.719999999999999529e-01,8.157540413880000063e-01
5.729999999999999538e-01,8.166083302440000358e-01
5.739999999999999547e-01,8.174606230980000499e-01
5.749999999999999556e-01,8.183109199499999376e-01
5.759999999999999565e-01,8.191592207999999209e-01
5.769999999999999574e-01,8.200055256479999999e-01
5.779999999999999583e-01,8.208498344939999525e-01
5.789999999999999591e-01,8.216921473380000007e-01
5.799999999999999600e-01,8.225324641800000336e-01
5.809999999999999609e-01,8.233707850200001621e-01
5.819999999999999618e-01,8.242071098579999422e-01
5.829999999999999627e-01,8.250414386939999289e-01
5.839999999999999636e-01,8.258737715280000113e-01
5.849999999999999645e-01,8.267041083599999673e-01
5.859999999999999654e-01,8.275324491900000190e-01
5.869999999999999662e-01,8.283587940179999443e-01
5.879999999999999671e-01,8.291831428439999652e-01
5.889999999999999680e-01,8.300054956679999707e-01
5.899999999999999689e-01,8.308258524899999609e-01
5.909999999999999698e-01,8.316442133099999356e-01
5.919999999999999707e-01,8.324605781279998951e-01
5.929999999999999716e-01,8.332749469439999501e-01
5.939999999999999725e-01,8.340873197579999898e-01
5.949999999999999734e-01,8.348976965700000141e-01
5.959999999999999742e-01,8.357060773800000231e-01
5.969999999999999751e-01,8.365124621880000166e-01
5.979999999999999760e-01,8.373168509939999948e-01
5.989999999999999769e-01,8.381192437979999577e-01
5.999999999999999778e-01,8.389196406000000161e-01
6.009999999999999787e-01,8.397180413999999482e-01
6.019999999999999796e-01,8.405144461980000870e-01
6.029999999999999805e-01,8.413088549939999883e-01
6.039999999999999813e-01,8.421012677879999853e-01
6.049999999999999822e-01,8.428916845799999669e-01
6.059999999999999831e-01,8.436801053700000441e-01
6.069999999999999840e-01,8.444665301579999950e-01
6.079999999999999849e-01,8.452509589439999305e-01
6.089999999999999858e-01,8.460333917280000726e-01
6.099999999999999867e-01,8.468138285099999774e-01
6.109999999999999876e-01,8.475922692899999777e-01
6.119999999999999885e-01,8.483687140679999628e-01
6.129999999999999893e-01,8.491431628439999324e-01
6.139999999999999902e-01,8.499156156179999977e-01
6.149999999999999911e-01,8.506860723900000476e-01
6.159999999999999920e-01,8.514545331600000821e-01
6.169999999999999929e-01,8.522209979280001013e-01
6.179999999999999938e-01,8.529854666939999941e-01
6.189999999999999947e-01,8.537479394579999825e-01
6.199999999999999956e-01,8.545084162199999556e-01
6.209999999999999964e-01,8.552668969799999132e-01
6.219999999999999973e-01,8.560233817379999666e-01
6.229999999999999982e-01,8.567778704940001155e-01
6.239999999999999991e-01,8.575303632480000271e-01
6.250000000000000000e-01,8.582808599999999233e-01
6.260000000000000009e-01,8.590293607500000261e-01
6.270000000000000018e-01,8.597758654980000026e-01
6.280000000000000027e-01,8.605203742440000747e-01
6.290000000000000036e-01,8.612628869880000204e-01
6.300000000000000044e-01,8.620034037299999508e-01
6.310000000000000053e-01,8.627419244699999767e-01
6.320000000000000062e-01,8.634784492079999874e-01
6.330000000000000071e-01,8.642129779439999826e-01
6.340000000000000080e-01,8.649455106779999625e-01
6.350000000000000089e-01,8.656760474100000380e-01
6.360000000000000098e-01,8.664045881399999871e-01
6.370000000000000107e-01,8.671311328680000319e-01
6.380000000000000115e-01,8.678556815940000613e-01
6.390000000000000124e-01,8.685782343180000753e-01
6.400000000000000133e-01,8.692987910399999629e-01
6.410000000000000142e-01,8.700173517600000572e-01
6.420000000000000151e-01,8.707339164780000251e-01
6.430000000000000160e-01,8.714484851939999777e-01
6.440000000000000169e-01,8.721610579080000258e-01
6.450000000000000178e-01,8.728716346200000586e-01
6.460000000000000187e-01,8.735802153300000761e-01
6.470000000000000195e-01,8.742868000379999671e-01
6.480000000000000204e-01,8.749913887439999538e-01
6.490000000000000213e-01,8.756939814480000361e-01
6.500000000000000222e-01,8.763945781500001031e-01
6.510000000000000231e-01,8.770931788500000437e-01
6.520000000000000240e-01,8.777897835480000799e-01
6.530000000000000249e-01,8.784843922439999897e-01
6.540000000000000258e-01,8.791770049379999952e-01
6.550000000000000266e-01,8.798676216299998742e-01
6.560000000000000275e-01,8.805562423199999600e-01
6.570000000000000284e-01,8.812428670080000304e-01
6.580000000000000293e-01,8.819274956939999743e-01
6.590000000000000302e-01,8.826101283780000140e-01
6.600000000000000311e-01,8.832907650600000382e-01
6.610000000000000320e-01,8.839694057399999361e-01
6.620000000000000329e-01,8.846460504180000406e-01
6.630000000000000338e-01,8.853206990940000187e-01
6.640000000000000346e-01,8.859933517679999815e-01
6.650000000000000355e-01,8.866640084399999289e-01
6.660000000000000364e-01,8.873326691100000829e-01
6.670000000000000373e-01,8.879993337779999996e-01
6.680000000000000382e-01,8.886640024440000118e-01
6.690000000000000391e-01,8.893266751079998977e-01
6.700000000000000400e-01,8.899873517699999903e-01
6.710000000000000409e-01,8.906460324300000675e-01
6.720000000000000417e-01,8.913027170880000183e-01
6.730000000000000426e-01,8.919574057439999537e-01
6.740000000000000435e-01,8.926100983979999848e-01
6.750000000000000444e-01,8.932607950500000005e-01
6.760000000000000453e-01,8.939094956999998898e-01
6.770000000000000462e-01,8.945562003479999857e-01
6.780000000000000471e-01,8.952009089940000663e-01
6.790000000000000480e-01,8.958436216380000205e-01
6.800000000000000488e-01,8.964843382799999594e-01
6.810000000000000497e-01,8.971230589199999939e-01
6.820000000000000506e-01,8.977597835580001240e-01
6.830000000000000515e-01,8.983945121939999057e-01
6.840000000000000524e-01,8.990272448280000051e-01
6.850000000000000533e-01,8.996579814599999780e-01
6.860000000000000542e-01,9.002867220899999356e-01
6.870000000000000551e-01,9.009134667179999889e-01
6.879999999999999449e-01,9.015382153440000268e-01
6.889999999999999458e-01,9.021609679680000493e-01
6.899999999999999467e-01,9.027817245899999454e-01
6.909999999999999476e-01,9.034004852099999372e-01
6.919999999999999485e-01,9.040172498280000246e-01
6.929999999999999494e-01,9.046320184439999856e-01
6.939999999999999503e-01,9.052447910579999313e-01
6.949999999999999512e-01,9.058555676699999726e-01
6.959999999999999520e-01,9.064643482800001095e-01
6.969999999999999529e-01,9.070711328880000091e-01
6.979999999999999538e-01,9.076759214939998932e-01
6.989999999999999547e-01,9.082787140979999840e-01
6.999999999999999556e-01,9.088795106999999485e-01
7.009999999999999565e-01,9.094783113000000085e-01
7.019999999999999574e-01,9.100751158979999422e-01
7.029999999999999583e-01,9.106699244940000826e-01
7.039999999999999591e-01,9.112627370880000965e-01
7.049999999999999600e-01,9.118535536799998731e-01
7.059999999999999609e-01,9.124423742699999673e-01
7.069999999999999618e-01,9.130291988579999352e-01
7.079999999999999627e-01,9.136140274439999986e-01
7.089999999999999636e-01,9.141968600279999357e-01
7.099999999999999645e-01,9.147776966100000795e-01
7.109999999999999654e-01,9.153565371899999858e-01
7.119999999999999662e-01,9.159333817679999878e-01
7.129999999999999671e-01,9.165082303439999745e-01
7.139999999999999680e-01,9.170810829180000567e-01
7.149999999999999689e-01,9.176519394900000126e-01
7.159999999999999698e-01,9.182208000599999531e-01
7.169999999999999707e-01,9.187876646280001003e-01
7.179999999999999716e-01,9.193525331940001211e-01
7.189999999999999725e-01,9.199154057579999044e-01
7.199999999999999734e-01,9.204762823200000055e-01
7.209999999999999742e-01,9.210351628799999801e-01
7.219999999999999751e-01,9.215920474379999394e-01
7.229999999999999760e-01,9.221469359939999944e-01
7.239999999999999769e-01,9.226998285480000339e-01
7.249999999999999778e-01,9.232507251000000581e-01
7.259999999999999787e-01,9.237996256499999559e-01
7.269999999999999796e-01,9.243465301979999493e-01
7.279999999999999805e-01,9.248914387440000384e-01
7.289999999999999813e-01,9.254343512880000011e-01
7.299999999999999822e-01,9.259752678299999484e-01
7.309999999999999831e-01,9.265141883699999914e-01
7.319999999999999840e-01,9.270511129080000190e-01
7.329999999999999849e-01,9.275860414440000312e-01
7.339999999999999858e-01,9.281189739779999170e-01
7.349999999999999867e-01,9.286499105099998985e-01
7.359999999999999876e-01,9.291788510399999756e-01
7.369999999999999885e-01,9.297057955680000374e-01
7.379999999999999893e-01,9.302307440940000838e-01
7.389999999999999902e-01,9.307536966180001148e-01
7.399999999999999911e-01,9.312746531400001304e-01
7.409999999999999920e-01,9.317936136599999086e-01
7.419999999999999929e-01,9.323105781780000045e-01
7.429999999999999938e-01,9.328255466939999740e-01
7.439999999999999947e-01,9.333385192080000392e-01
7.449999999999999956e-01,9.338494957199999780e-01
7.459999999999999964e-01,9.343584762300001234e-01
7.469999999999999973e-01,9.348654607380000314e-01
7.479999999999999982e-01,9.353704492439999241e-01
7.489999999999999991e-01,9.358734417480000234e-01
7.500000000000000000e-01,9.363744382499999963e-01
7.510000000000000009e-01,9.368734387500000649e-01
7.520000000000000018e-01,9.373704432480001181e-01
7.530000000000000027e-01,9.378654517440000449e-01
7.540000000000000036e-01,9.383584642380000673e-01
7.550000000000000044e-01,9.388494807299999634e-01
7.560000000000000053e-01,9.393385012199999551e-01
7.570000000000000062e-01,9.398255257079999314e-01
7.580000000000000071e-01,9.403105541940000034e-01
7.590000000000000080e-01,9.407935866780000600e-01
7.600000000000000089e-01,9.412746231599999902e-01
7.610000000000000098e-01,9.417536636400000161e-01
7.620000000000000107e-01,9.422307081179999155e-01
7.630000000000000115e-01,9.427057565939999106e-01
7.640000000000000124e-01,9.431788090680000014e-01
7.650000000000000133e-01,9.436498655399999658e-01
7.660000000000000142e-01,9.441189260100000258e-01
7.670000000000000151e-01,9.445859904779999594e-01
7.680000000000000160e-01,9.450510589439999887e-01
7.690000000000000169e-01,9.455141314080001136e-01
7.700000000000000178e-01,9.459752078700000011e-01
7.710000000000000187e-01,9.464342883299999842e-01
7.720000000000000195e-01,9.468913727879999520e-01
7.730000000000000204e-01,9.473464612440000154e-01
7.740000000000000213e-01,9.477995536979999525e-01
7.750000000000000222e-01,9.482506501499999851e-01
7.760000000000000231e-01,9.486997506000000024e-01
7.770000000000000240e-01,9.491468550479998934e-01
7.780000000000000249e-01,9.495919634939999909e-01
7.790000000000000258e-01,9.500350759379999621e-01
7.800000000000000266e-01,9.504761923800000289e-01
7.810000000000000275e-01,9.509153128200000804e-01
7.820000000000000284e-01,9.513524372580000055e-01
7.830000000000000293e-01,9.517875656940000262e-01
7.840000000000000302e-01,9.522206981280000315e-01
7.850000000000000311e-01,9.526518345600000215e-01
7.860000000000000320e-01,9.530809749899999961e-01
7.870000000000000329e-01,9.535081194179999553e-01
7.880000000000000338e-01,9.539332678440000102e-01
7.890000000000000346e-01,9.543564202680000497e-01
7.900000000000000355e-01,9.547775766899999628e-01
7.910000000000000364e-01,9.551967371099999715e-01
7.920000000000000373e-01,9.556139015279999649e-01
7.930000000000000382e-01,9.560290699439999429e-01
7.940000000000000391e-01,9.564422423580000165e-01
7.950000000000000400e-01,9.568534187700000748e-01
7.960000000000000409e-01,9.572625991800001177e-01
7.970000000000000417e-01,9.576697835880000342e-01
7.980000000000000426e-01,9.580749719940000464e-01
7.990000000000000435e-01,9.584781643980000432e-01
8.000000000000000444e-01,9.588793607999999136e-01
8.010000000000000453e-01,9.592785611999999906e-01
8.020000000000000462e-01,9.596757655980000523e-01
8.030000000000000471e-01,9.600709739939999876e-01
8.040000000000000480e-01,9.604641863880000185e-01
8.050000000000000488e-01,9.608554027800000341e-01
8.060000000000000497e-01,9.612446231699999233e-01
8.070000000000000506e-01,9.616318475580000191e-01
8.080000000000000515e-01,9.620170759439999886e-01
8.090000000000000524e-01,9.624003083279999426e-01
8.100000000000000533e-01,9.627815447100001034e-01
8.110000000000000542e-01,9.631607850900001377e-01
8.120000000000000551e-01,9.635380294680000457e-01
8.129999999999999449e-01,9.639132778439999383e-01
8.139999999999999458e-01,9.642865302179999265e-01
8.149999999999999467e-01,9.646577865900000104e-01
8.159999999999999476e-01,9.650270469599999679e-01
8.169999999999999485e-01,9.653943113280000210e-01
8.179999999999999494e-01,9.657595796940000588e-01
8.189999999999999503e-01,9.661228520580000811e-01
8.199999999999999512e-01,9.664841284199999771e-01
8.209999999999999520e-01,9.668434087799999688e-01
8.219999999999999529e-01,9.672006931379999450e-01
8.229999999999999538e-01,9.675559814940000170e-01
8.239999999999999547e-01,9.679092738480000735e-01
8.249999999999999556e-01,9.682605702000000036e-01
8.259999999999999565e-01,9.686098705500000294e-01
8.269999999999999574e-01,9.689571748979999288e-01
8.279999999999999583e-01,9.693024832439999239e-01
8.289999999999999591e-01,9.696457955879999036e-01
8.299999999999999600e-01,9.699871119299999789e-01
8.309999999999999609e-01,9.703264322700000388e-01
8.319999999999999618e-01,9.706637566079999724e-01
8.329999999999999627e-01,9.709990849440000016e-01
8.339999999999999636e-01,9.713324172780000154e-01
8.349999999999999645e-01,9.716637536100000139e-01
8.359999999999999654e-01,9.719930939399999970e-01
8.369999999999999662e-01,9.723204382679999647e-01
8.379999999999999671e-01,9.726457865939999170e-01
8.389999999999999680e-01,9.729691389179999650e-01
8.399999999999999689e-01,9.732904952399999976e-01
8.409999999999999698e-01,9.736098555600000148e-01
8.419999999999999707e-01,9.739272198780000167e-01
8.429999999999999716e-01,9.742425881939998922e-01
8.439999999999999725e-01,9.745559605079999743e-01
8.449999999999999734e-01,9.748673368200000411e-01
8.459999999999999742e-01,9.751767171300000925e-01
8.469999999999999751e-01,9.754841014380000175e-01
8.479999999999999760e-01,9.757894897440000381e-01
8.489999999999999769e-01,9.760928820479999324e-01
8.499999999999999778e-01,9.763942783500000333e-01
8.509999999999999787e-01,9.766936786500000078e-01
8.519999999999999796e-01,9.769910829479999670e-01
8.529999999999999805e-01,9.772864912440000218e-01
8.539999999999999813e-01,9.775799035380000612e-01
8.549999999999999822e-01,9.778713198300000853e-01
8.559999999999999831e-01,9.781607401199999829e-01
8.569999999999999840e-01,9.784481644079999763e-01
8.579999999999999849e-01,9.787335926939999542e-01
8.589999999999999858e-01,9.790170249780000278e-01
8.599999999999999867e-01,9.792984612599999750e-01
8.609999999999999876e-01,9.795779015400000178e-01
8.619999999999999885e-01,9.798553458180000453e-01
8.629999999999999893e-01,9.801307940940000574e-01
8.639999999999999902e-01,9.804042463679999431e-01
8.649999999999999911e-01,9.806757026399999244e-01
8.659999999999999920e-01,9.809451629100000014e-01
8.669999999999999929e-01,9.812126271779999520e-01
8.679999999999999938e-01,9.814780954439999983e-01
8.689999999999999947e-01,9.817415677080000291e-01
8.699999999999999956e-01,9.820030439700000446e-01
8.709999999999999964e-01,9.822625242300000448e-01
8.719999999999999973e-01,9.825200084880000295e-01
8.729999999999999982e-01,9.827754967439999989e-01
8.739999999999999991e-01,9.830289889980000639e-01
8.750000000000000000e-01,9.832804852500000026e-01
8.760000000000000009e-01,9.835299855000000369e-01
8.770000000000000018e-01,9.837774897480000558e-01
8.780000000000000027e-01,9.840229979939999483e-01
8.790000000000000036e-01,9.842665102379999365e-01
8.800000000000000044e-01,9.845080264800000203e-01
8.810000000000000053e-01,9.847475467199999777e-01
8.820000000000000062e-01,9.849850709580000307e-01
8.830000000000000071e-01,9.852205991940000684e-01
8.840000000000000080e-01,9.854541314280000908e-01
8.850000000000000089e-01,9.856856676599999867e-01
8.860000000000000098e-01,9.859152078899999783e-01
8.870000000000000107e-01,9.861427521179999545e-01
8.880000000000000115e-01,9.863683003439999153e-01
8.890000000000000124e-01,9.865918525679999718e-01
8.900000000000000133e-01,9.868134087900000129e-01
8.910000000000000142e-01,9.870329690100000386e-01
8.920000000000000151e-01,9.872505332279999379e-01
8.930000000000000160e-01,9.874661014440000439e-01
8.940000000000000169e-01,9.876796736579999125e-01
8.950000000000000178e-01,9.878912498699999878e-01
8.960000000000000187e-01,9.881008300800000477e-01
8.970000000000000195e-01,9.883084142879999812e-01
8.980000000000000204e-01,9.885140024940000103e-01
8.990000000000000213e-01,9.887175946980000241e-01
9.000000000000000222e-01,9.889191908999999114e-01
9.010000000000000231e-01,9.891187911000000055e-01
9.020000000000000240e-01,9.893163952979999731e-01
9.030000000000000249e-01,9.895120034939999254e-01
9.040000000000000258e-01,9.897056156880000843e-01
9.050000000000000266e-01,9.898972318800000059e-01
9.060000000000000275e-01,9.900868520700001341e-01
9.070000000000000284e-01,9.902744762579999138e-01
9.080000000000000293e-01,9.904601044440000113e-01
9.090000000000000302e-01,9.906437366279999823e-01
9.100000000000000311e-01,9.908253728099999380e-01
9.110000000000000320e-01,9.910050129899999893e-01
9.120000000000000329e-01,9.911826571680000253e-01
9.130000000000000338e-01,9.913583053440000459e-01
9.140000000000000346e-01,9.915319575179999401e-01
9.150000000000000355e-01,9.917036136899999299e-01
9.160000000000000364e-01,9.918732738599999044e-01
9.170000000000000373e-01,9.920409380280000855e-01
9.180000000000000382e-01,9.922066061940000292e-01
9.190000000000000391e-01,9.923702783579999576e-01
9.200000000000000400e-01,9.925319545199999816e-01
9.210000000000000409e-01,9.926916346799999902e-01
9.220000000000000417e-01,9.928493188379999834e-01
9.230000000000000426e-01,9.930050069939999613e-01
9.240000000000000435e-01,9.931586991479999238e-01
9.250000000000000444e-01,9.933103952999999819e-01
9.260000000000000453e-01,9.934600954500000247e-01
9.270000000000000462e-01,9.936077995980000521e-01
9.280000000000000471e-01,9.937535077440000642e-01
9.290000000000000480e-01,9.938972198879999498e-01
9.300000000000000488e-01,9.940389360300000421e-01
9.310000000000000497e-01,9.941786561700000080e-01
9.320000000000000506e-01,9.943163803080000696e-01
9.330000000000000515e-01,9.944521084440000047e-01
9.340000000000000524e-01,9.945858405780000355e-01
9.350000000000000533e-01,9.947175767100000510e-01
9.360000000000000542e-01,9.948473168399999400e-01
9.370000000000000551e-01,9.949750609679999247e-01
9.379999999999999449e-01,9.951008090940000050e-01
9.389999999999999458e-01,9.952245612179999590e-01
9.399999999999999467e-01,9.953463173400000086e-01
9.409999999999999476e-01,9.954660774600000428e-01
9.419999999999999485e-01,9.955838415780000616e-01
9.429999999999999494e-01,9.956996096939999541e-01
9.439999999999999503e-01,9.958133818079999422e-01
9.449999999999999512e-01,9.959251579200000259e-01
9.459999999999999520e-01,9.960349380300000943e-01
9.469999999999999529e-01,9.961427221380000363e-01
9.479999999999999538e-01,9.962485102440000739e-01
9.489999999999999547e-01,9.963523023479999852e-01
9.499999999999999556e-01,9.964540984499999920e-01
9.509999999999999565e-01,9.965538985499999836e-01
9.519999999999999574e-01,9.966517026480000707e-01
9.529999999999999583e-01,9.967475107439999205e-01
9.539999999999999591e-01,9.968413228380000879e-01
9.549999999999999600e-01,9.969331389300000179e-01
9.559999999999999609e-01,9.970229590200000436e-01
9.569999999999999618e-01,9.971107831079999428e-01
9.579999999999999627e-01,9.971966111939999378e-01
9.589999999999999636e-01,9.972804432780000283e-01
9.599999999999999645e-01,9.973622793599999925e-01
9.609999999999999654e-01,9.974421194400000523e-01
9.619999999999999662e-01,9.975199635179999857e-01
9.629999999999999671e-01,9.975958115940001258e-01
9.639999999999999680e-01,9.976696636680000285e-01
9.649999999999999689e-01,9.977415197400000269e-01
9.659999999999999698e-01,9.978113798100000098e-01
9.669999999999999707e-01,9.978792438779999774e-01
9.679999999999999716e-01,9.979451119439999296e-01
9.689999999999999725e-01,9.980089840080000885e-01
9.699999999999999734e-01,9.980708600700000099e-01
9.709999999999999742e-01,9.981307401300001381e-01
9.719999999999999751e-01,9.981886241879999178e-01
9.729999999999999760e-01,9.982445122440000151e-01
9.739999999999999769e-01,9.982984042979999861e-01
9.749999999999999778e-01,9.983503003499999418e-01
9.759999999999999787e-01,9.984002003999999930e-01
9.769999999999999796e-01,9.984481044480000289e-01
9.779999999999999805e-01,9.984940124940000494e-01
9.789999999999999813e-01,9.985379245379999436e-01
9.799999999999999822e-01,9.985798405800000443e-01
9.809999999999999831e-01,9.986197606200000187e-01
9.819999999999999840e-01,9.986576846579999778e-01
9.829999999999999849e-01,9.986936126940000324e-01
9.839999999999999858e-01,9.987275447279999607e-01
9.849999999999999867e-01,9.987594807600000957e-01
9.859999999999999876e-01,9.987894207899999932e-01
9.869999999999999885e-01,9.988173648179999864e-01
9.879999999999999893e-01,9.988433128439999642e-01
9.889999999999999902e-01,9.988672648680000377e-01
9.899999999999999911e-01,9.988892208899999847e-01
9.909999999999999920e-01,9.989091809100000274e-01
9.919999999999999929e-01,9.989271449280000548e-01
9.929999999999999938e-01,9.989431129440000667e-01
9.939999999999999947e-01,9.989570849579999523e-01
9.949999999999999956e-01,9.989690609700000445e-01
9.959999999999999964e-01,9.989790409799998994e-01
9.969999999999999973e-01,9.989870249880000719e-01
9.979999999999999982e-01,9.989930129940001180e-01
9.989999999999999991e-01,9.989970049980000377e-01
1.000000000000000000e+00,9.989990010000000531e-01
